record_id,created_at,region,team,customer,product,category,quantity,unit_price,total,status,note
REC-000001,2025-01-01,서울,운영,고객 0001,무선 키보드,입력 장치,8,89000,712000,처리 중,정기 주문
REC-000002,2025-01-02,부산,기획,고객 0002,27인치 모니터,디스플레이,15,329000,4935000,배송 준비,정기 주문
REC-000003,2025-01-03,대전,운영,고객 0003,USB-C 허브,주변 기기,2,49000,98000,배송 완료,정기 주문
REC-000004,2025-01-04,인천,기획,고객 0004,노트북 거치대,사무 용품,9,67000,603000,반품 검토,정기 주문
REC-000005,2025-01-05,광주,운영,고객 0005,웹캠,영상 장치,16,118000,1888000,결제 확인,정기 주문
REC-000006,2025-01-06,대구,기획,고객 0006,기계식 키보드,입력 장치,3,149000,447000,처리 중,정기 주문
REC-000007,2025-01-07,울산,운영,고객 0007,모니터 암,사무 용품,10,99000,990000,배송 준비,정기 주문
REC-000008,2025-01-08,세종,기획,고객 0008,무선 마우스,입력 장치,17,59000,1003000,배송 완료,정기 주문
REC-000009,2025-01-09,경기,운영,고객 0009,휴대용 SSD,저장 장치,4,179000,716000,반품 검토,정기 주문
REC-000010,2025-01-10,강원,기획,고객 0010,헤드셋,음향 장치,11,129000,1419000,결제 확인,정기 주문
REC-000011,2025-01-11,충북,운영,고객 0011,무선 키보드,입력 장치,18,89000,1602000,처리 중,정기 주문
REC-000012,2025-01-12,제주,기획,고객 0012,27인치 모니터,디스플레이,5,329000,1645000,배송 준비,정기 주문
REC-000013,2025-01-13,서울,운영,고객 0013,USB-C 허브,주변 기기,12,49000,588000,배송 완료,정기 주문
REC-000014,2025-01-14,부산,기획,고객 0014,노트북 거치대,사무 용품,19,67000,1273000,반품 검토,정기 주문
REC-000015,2025-01-15,대전,운영,고객 0015,웹캠,영상 장치,6,118000,708000,결제 확인,정기 주문
REC-000016,2025-01-16,인천,기획,고객 0016,기계식 키보드,입력 장치,13,149000,1937000,처리 중,정기 주문
REC-000017,2025-01-17,광주,운영,고객 0017,모니터 암,사무 용품,20,99000,1980000,배송 준비,정기 주문
REC-000018,2025-01-18,대구,기획,고객 0018,무선 마우스,입력 장치,7,59000,413000,배송 완료,정기 주문
REC-000019,2025-01-19,울산,운영,고객 0019,휴대용 SSD,저장 장치,14,179000,2506000,반품 검토,정기 주문
REC-000020,2025-01-20,세종,기획,고객 0020,헤드셋,음향 장치,1,129000,129000,결제 확인,정기 주문
REC-000021,2025-01-21,경기,운영,고객 0021,무선 키보드,입력 장치,8,89000,712000,처리 중,정기 주문
REC-000022,2025-01-22,강원,기획,고객 0022,27인치 모니터,디스플레이,15,329000,4935000,배송 준비,정기 주문
REC-000023,2025-01-23,충북,운영,고객 0023,USB-C 허브,주변 기기,2,49000,98000,배송 완료,정기 주문
REC-000024,2025-01-24,제주,기획,고객 0024,노트북 거치대,사무 용품,9,67000,603000,반품 검토,정기 주문
REC-000025,2025-01-25,서울,운영,고객 0025,웹캠,영상 장치,16,118000,1888000,결제 확인,정기 주문
REC-000026,2025-01-26,부산,기획,고객 0026,기계식 키보드,입력 장치,3,149000,447000,처리 중,정기 주문
REC-000027,2025-01-27,대전,운영,고객 0027,모니터 암,사무 용품,10,99000,990000,배송 준비,정기 주문
REC-000028,2025-01-28,인천,기획,고객 0028,무선 마우스,입력 장치,17,59000,1003000,배송 완료,정기 주문
REC-000029,2025-01-29,광주,운영,고객 0029,휴대용 SSD,저장 장치,4,179000,716000,반품 검토,정기 주문
REC-000030,2025-01-30,대구,기획,고객 0030,헤드셋,음향 장치,11,129000,1419000,결제 확인,정기 주문
REC-000031,2025-01-31,울산,운영,고객 0031,무선 키보드,입력 장치,18,89000,1602000,처리 중,세금계산서 발행
REC-000032,2025-02-01,세종,기획,고객 0032,27인치 모니터,디스플레이,5,329000,1645000,배송 준비,정기 주문
REC-000033,2025-02-02,경기,운영,고객 0033,USB-C 허브,주변 기기,12,49000,588000,배송 완료,정기 주문
REC-000034,2025-02-03,강원,기획,고객 0034,노트북 거치대,사무 용품,19,67000,1273000,반품 검토,정기 주문
REC-000035,2025-02-04,충북,운영,고객 0035,웹캠,영상 장치,6,118000,708000,결제 확인,정기 주문
REC-000036,2025-02-05,제주,기획,고객 0036,기계식 키보드,입력 장치,13,149000,1937000,처리 중,정기 주문
REC-000037,2025-02-06,서울,운영,고객 0037,모니터 암,사무 용품,20,99000,1980000,배송 준비,정기 주문
REC-000038,2025-02-07,부산,기획,고객 0038,무선 마우스,입력 장치,7,59000,413000,배송 완료,정기 주문
REC-000039,2025-02-08,대전,운영,고객 0039,휴대용 SSD,저장 장치,14,179000,2506000,반품 검토,정기 주문
REC-000040,2025-02-09,인천,기획,고객 0040,헤드셋,음향 장치,1,129000,129000,결제 확인,정기 주문
REC-000041,2025-02-10,광주,운영,고객 0041,무선 키보드,입력 장치,8,89000,712000,처리 중,정기 주문
REC-000042,2025-02-11,대구,기획,고객 0042,27인치 모니터,디스플레이,15,329000,4935000,배송 준비,정기 주문
REC-000043,2025-02-12,울산,운영,고객 0043,USB-C 허브,주변 기기,2,49000,98000,배송 완료,정기 주문
REC-000044,2025-02-13,세종,기획,고객 0044,노트북 거치대,사무 용품,9,67000,603000,반품 검토,정기 주문
REC-000045,2025-02-14,경기,운영,고객 0045,웹캠,영상 장치,16,118000,1888000,결제 확인,정기 주문
REC-000046,2025-02-15,강원,기획,고객 0046,기계식 키보드,입력 장치,3,149000,447000,처리 중,정기 주문
REC-000047,2025-02-16,충북,운영,고객 0047,모니터 암,사무 용품,10,99000,990000,배송 준비,정기 주문
REC-000048,2025-02-17,제주,기획,고객 0048,무선 마우스,입력 장치,17,59000,1003000,배송 완료,정기 주문
REC-000049,2025-02-18,서울,운영,고객 0049,휴대용 SSD,저장 장치,4,179000,716000,반품 검토,정기 주문
REC-000050,2025-02-19,부산,기획,고객 0050,헤드셋,음향 장치,11,129000,1419000,결제 확인,정기 주문
REC-000051,2025-02-20,대전,운영,고객 0051,무선 키보드,입력 장치,18,89000,1602000,처리 중,정기 주문
REC-000052,2025-02-21,인천,기획,고객 0052,27인치 모니터,디스플레이,5,329000,1645000,배송 준비,정기 주문
REC-000053,2025-02-22,광주,운영,고객 0053,USB-C 허브,주변 기기,12,49000,588000,배송 완료,정기 주문
REC-000054,2025-02-23,대구,기획,고객 0054,노트북 거치대,사무 용품,19,67000,1273000,반품 검토,정기 주문
REC-000055,2025-02-24,울산,운영,고객 0055,웹캠,영상 장치,6,118000,708000,결제 확인,정기 주문
REC-000056,2025-02-25,세종,기획,고객 0056,기계식 키보드,입력 장치,13,149000,1937000,처리 중,정기 주문
REC-000057,2025-02-26,경기,운영,고객 0057,모니터 암,사무 용품,20,99000,1980000,배송 준비,정기 주문
REC-000058,2025-02-27,강원,기획,고객 0058,무선 마우스,입력 장치,7,59000,413000,배송 완료,정기 주문
REC-000059,2025-02-28,충북,운영,고객 0059,휴대용 SSD,저장 장치,14,179000,2506000,반품 검토,정기 주문
REC-000060,2025-03-01,제주,기획,고객 0060,헤드셋,음향 장치,1,129000,129000,결제 확인,정기 주문
REC-000061,2025-03-02,서울,운영,고객 0061,무선 키보드,입력 장치,8,89000,712000,처리 중,정기 주문
REC-000062,2025-03-03,부산,기획,고객 0062,27인치 모니터,디스플레이,15,329000,4935000,배송 준비,세금계산서 발행
REC-000063,2025-03-04,대전,운영,고객 0063,USB-C 허브,주변 기기,2,49000,98000,배송 완료,정기 주문
REC-000064,2025-03-05,인천,기획,고객 0064,노트북 거치대,사무 용품,9,67000,603000,반품 검토,정기 주문
REC-000065,2025-03-06,광주,운영,고객 0065,웹캠,영상 장치,16,118000,1888000,결제 확인,정기 주문
REC-000066,2025-03-07,대구,기획,고객 0066,기계식 키보드,입력 장치,3,149000,447000,처리 중,정기 주문
REC-000067,2025-03-08,울산,운영,고객 0067,모니터 암,사무 용품,10,99000,990000,배송 준비,정기 주문
REC-000068,2025-03-09,세종,기획,고객 0068,무선 마우스,입력 장치,17,59000,1003000,배송 완료,정기 주문
REC-000069,2025-03-10,경기,운영,고객 0069,휴대용 SSD,저장 장치,4,179000,716000,반품 검토,정기 주문
REC-000070,2025-03-11,강원,기획,고객 0070,헤드셋,음향 장치,11,129000,1419000,결제 확인,정기 주문
REC-000071,2025-03-12,충북,운영,고객 0071,무선 키보드,입력 장치,18,89000,1602000,처리 중,정기 주문
REC-000072,2025-03-13,제주,기획,고객 0072,27인치 모니터,디스플레이,5,329000,1645000,배송 준비,정기 주문
REC-000073,2025-03-14,서울,운영,고객 0073,USB-C 허브,주변 기기,12,49000,588000,배송 완료,정기 주문
REC-000074,2025-03-15,부산,기획,고객 0074,노트북 거치대,사무 용품,19,67000,1273000,반품 검토,정기 주문
REC-000075,2025-03-16,대전,운영,고객 0075,웹캠,영상 장치,6,118000,708000,결제 확인,정기 주문
REC-000076,2025-03-17,인천,기획,고객 0076,기계식 키보드,입력 장치,13,149000,1937000,처리 중,정기 주문
REC-000077,2025-03-18,광주,운영,고객 0077,모니터 암,사무 용품,20,99000,1980000,배송 준비,정기 주문
REC-000078,2025-03-19,대구,기획,고객 0078,무선 마우스,입력 장치,7,59000,413000,배송 완료,정기 주문
REC-000079,2025-03-20,울산,운영,고객 0079,휴대용 SSD,저장 장치,14,179000,2506000,반품 검토,정기 주문
REC-000080,2025-03-21,세종,기획,고객 0080,헤드셋,음향 장치,1,129000,129000,결제 확인,정기 주문
REC-000081,2025-03-22,경기,운영,고객 0081,무선 키보드,입력 장치,8,89000,712000,처리 중,정기 주문
REC-000082,2025-03-23,강원,기획,고객 0082,27인치 모니터,디스플레이,15,329000,4935000,배송 준비,정기 주문
REC-000083,2025-03-24,충북,운영,고객 0083,USB-C 허브,주변 기기,2,49000,98000,배송 완료,정기 주문
REC-000084,2025-03-25,제주,기획,고객 0084,노트북 거치대,사무 용품,9,67000,603000,반품 검토,정기 주문
REC-000085,2025-03-26,서울,운영,고객 0085,웹캠,영상 장치,16,118000,1888000,결제 확인,정기 주문
REC-000086,2025-03-27,부산,기획,고객 0086,기계식 키보드,입력 장치,3,149000,447000,처리 중,정기 주문
REC-000087,2025-03-28,대전,운영,고객 0087,모니터 암,사무 용품,10,99000,990000,배송 준비,정기 주문
REC-000088,2025-03-29,인천,기획,고객 0088,무선 마우스,입력 장치,17,59000,1003000,배송 완료,정기 주문
REC-000089,2025-03-30,광주,운영,고객 0089,휴대용 SSD,저장 장치,4,179000,716000,반품 검토,정기 주문
REC-000090,2025-03-31,대구,기획,고객 0090,헤드셋,음향 장치,11,129000,1419000,결제 확인,정기 주문
REC-000091,2025-04-01,울산,운영,고객 0091,무선 키보드,입력 장치,18,89000,1602000,처리 중,정기 주문
REC-000092,2025-04-02,세종,기획,고객 0092,27인치 모니터,디스플레이,5,329000,1645000,배송 준비,정기 주문
REC-000093,2025-04-03,경기,운영,고객 0093,USB-C 허브,주변 기기,12,49000,588000,배송 완료,세금계산서 발행
REC-000094,2025-04-04,강원,기획,고객 0094,노트북 거치대,사무 용품,19,67000,1273000,반품 검토,정기 주문
REC-000095,2025-04-05,충북,운영,고객 0095,웹캠,영상 장치,6,118000,708000,결제 확인,정기 주문
REC-000096,2025-04-06,제주,기획,고객 0096,기계식 키보드,입력 장치,13,149000,1937000,처리 중,정기 주문
REC-000097,2025-04-07,서울,운영,고객 0097,모니터 암,사무 용품,20,99000,1980000,배송 준비,"우선 처리, 오전 출고"
REC-000098,2025-04-08,부산,기획,고객 0098,무선 마우스,입력 장치,7,59000,413000,배송 완료,정기 주문
REC-000099,2025-04-09,대전,운영,고객 0099,휴대용 SSD,저장 장치,14,179000,2506000,반품 검토,정기 주문
REC-000100,2025-04-10,인천,기획,고객 0100,헤드셋,음향 장치,1,129000,129000,결제 확인,정기 주문
REC-000101,2025-04-11,광주,운영,고객 0101,무선 키보드,입력 장치,8,89000,712000,처리 중,정기 주문
REC-000102,2025-04-12,대구,기획,고객 0102,27인치 모니터,디스플레이,15,329000,4935000,배송 준비,정기 주문
REC-000103,2025-04-13,울산,운영,고객 0103,USB-C 허브,주변 기기,2,49000,98000,배송 완료,정기 주문
REC-000104,2025-04-14,세종,기획,고객 0104,노트북 거치대,사무 용품,9,67000,603000,반품 검토,정기 주문
REC-000105,2025-04-15,경기,운영,고객 0105,웹캠,영상 장치,16,118000,1888000,결제 확인,정기 주문
REC-000106,2025-04-16,강원,기획,고객 0106,기계식 키보드,입력 장치,3,149000,447000,처리 중,정기 주문
REC-000107,2025-04-17,충북,운영,고객 0107,모니터 암,사무 용품,10,99000,990000,배송 준비,정기 주문
REC-000108,2025-04-18,제주,기획,고객 0108,무선 마우스,입력 장치,17,59000,1003000,배송 완료,정기 주문
REC-000109,2025-04-19,서울,운영,고객 0109,휴대용 SSD,저장 장치,4,179000,716000,반품 검토,정기 주문
REC-000110,2025-04-20,부산,기획,고객 0110,헤드셋,음향 장치,11,129000,1419000,결제 확인,정기 주문
REC-000111,2025-04-21,대전,운영,고객 0111,무선 키보드,입력 장치,18,89000,1602000,처리 중,정기 주문
REC-000112,2025-04-22,인천,기획,고객 0112,27인치 모니터,디스플레이,5,329000,1645000,배송 준비,정기 주문
REC-000113,2025-04-23,광주,운영,고객 0113,USB-C 허브,주변 기기,12,49000,588000,배송 완료,정기 주문
REC-000114,2025-04-24,대구,기획,고객 0114,노트북 거치대,사무 용품,19,67000,1273000,반품 검토,정기 주문
REC-000115,2025-04-25,울산,운영,고객 0115,웹캠,영상 장치,6,118000,708000,결제 확인,정기 주문
REC-000116,2025-04-26,세종,기획,고객 0116,기계식 키보드,입력 장치,13,149000,1937000,처리 중,정기 주문
REC-000117,2025-04-27,경기,운영,고객 0117,모니터 암,사무 용품,20,99000,1980000,배송 준비,정기 주문
REC-000118,2025-04-28,강원,기획,고객 0118,무선 마우스,입력 장치,7,59000,413000,배송 완료,정기 주문
REC-000119,2025-04-29,충북,운영,고객 0119,휴대용 SSD,저장 장치,14,179000,2506000,반품 검토,정기 주문
REC-000120,2025-04-30,제주,기획,고객 0120,헤드셋,음향 장치,1,129000,129000,결제 확인,정기 주문
REC-000121,2025-05-01,서울,운영,고객 0121,무선 키보드,입력 장치,8,89000,712000,처리 중,정기 주문
REC-000122,2025-05-02,부산,기획,고객 0122,27인치 모니터,디스플레이,15,329000,4935000,배송 준비,정기 주문
REC-000123,2025-05-03,대전,운영,고객 0123,USB-C 허브,주변 기기,2,49000,98000,배송 완료,정기 주문
REC-000124,2025-05-04,인천,기획,고객 0124,노트북 거치대,사무 용품,9,67000,603000,반품 검토,세금계산서 발행
REC-000125,2025-05-05,광주,운영,고객 0125,웹캠,영상 장치,16,118000,1888000,결제 확인,정기 주문
REC-000126,2025-05-06,대구,기획,고객 0126,기계식 키보드,입력 장치,3,149000,447000,처리 중,정기 주문
REC-000127,2025-05-07,울산,운영,고객 0127,모니터 암,사무 용품,10,99000,990000,배송 준비,정기 주문
REC-000128,2025-05-08,세종,기획,고객 0128,무선 마우스,입력 장치,17,59000,1003000,배송 완료,정기 주문
REC-000129,2025-05-09,경기,운영,고객 0129,휴대용 SSD,저장 장치,4,179000,716000,반품 검토,정기 주문
REC-000130,2025-05-10,강원,기획,고객 0130,헤드셋,음향 장치,11,129000,1419000,결제 확인,정기 주문
REC-000131,2025-05-11,충북,운영,고객 0131,무선 키보드,입력 장치,18,89000,1602000,처리 중,정기 주문
REC-000132,2025-05-12,제주,기획,고객 0132,27인치 모니터,디스플레이,5,329000,1645000,배송 준비,정기 주문
REC-000133,2025-05-13,서울,운영,고객 0133,USB-C 허브,주변 기기,12,49000,588000,배송 완료,정기 주문
REC-000134,2025-05-14,부산,기획,고객 0134,노트북 거치대,사무 용품,19,67000,1273000,반품 검토,정기 주문
REC-000135,2025-05-15,대전,운영,고객 0135,웹캠,영상 장치,6,118000,708000,결제 확인,정기 주문
REC-000136,2025-05-16,인천,기획,고객 0136,기계식 키보드,입력 장치,13,149000,1937000,처리 중,정기 주문
REC-000137,2025-05-17,광주,운영,고객 0137,모니터 암,사무 용품,20,99000,1980000,배송 준비,정기 주문
REC-000138,2025-05-18,대구,기획,고객 0138,무선 마우스,입력 장치,7,59000,413000,배송 완료,정기 주문
REC-000139,2025-05-19,울산,운영,고객 0139,휴대용 SSD,저장 장치,14,179000,2506000,반품 검토,정기 주문
REC-000140,2025-05-20,세종,기획,고객 0140,헤드셋,음향 장치,1,129000,129000,결제 확인,정기 주문
REC-000141,2025-05-21,경기,운영,고객 0141,무선 키보드,입력 장치,8,89000,712000,처리 중,정기 주문
REC-000142,2025-05-22,강원,기획,고객 0142,27인치 모니터,디스플레이,15,329000,4935000,배송 준비,정기 주문
REC-000143,2025-05-23,충북,운영,고객 0143,USB-C 허브,주변 기기,2,49000,98000,배송 완료,정기 주문
REC-000144,2025-05-24,제주,기획,고객 0144,노트북 거치대,사무 용품,9,67000,603000,반품 검토,정기 주문
REC-000145,2025-05-25,서울,운영,고객 0145,웹캠,영상 장치,16,118000,1888000,결제 확인,정기 주문
REC-000146,2025-05-26,부산,기획,고객 0146,기계식 키보드,입력 장치,3,149000,447000,처리 중,정기 주문
REC-000147,2025-05-27,대전,운영,고객 0147,모니터 암,사무 용품,10,99000,990000,배송 준비,정기 주문
REC-000148,2025-05-28,인천,기획,고객 0148,무선 마우스,입력 장치,17,59000,1003000,배송 완료,정기 주문
REC-000149,2025-05-29,광주,운영,고객 0149,휴대용 SSD,저장 장치,4,179000,716000,반품 검토,정기 주문
REC-000150,2025-05-30,대구,기획,고객 0150,헤드셋,음향 장치,11,129000,1419000,결제 확인,정기 주문
REC-000151,2025-05-31,울산,운영,고객 0151,무선 키보드,입력 장치,18,89000,1602000,처리 중,정기 주문
REC-000152,2025-06-01,세종,기획,고객 0152,27인치 모니터,디스플레이,5,329000,1645000,배송 준비,정기 주문
REC-000153,2025-06-02,경기,운영,고객 0153,USB-C 허브,주변 기기,12,49000,588000,배송 완료,정기 주문
REC-000154,2025-06-03,강원,기획,고객 0154,노트북 거치대,사무 용품,19,67000,1273000,반품 검토,정기 주문
REC-000155,2025-06-04,충북,운영,고객 0155,웹캠,영상 장치,6,118000,708000,결제 확인,세금계산서 발행
REC-000156,2025-06-05,제주,기획,고객 0156,기계식 키보드,입력 장치,13,149000,1937000,처리 중,정기 주문
REC-000157,2025-06-06,서울,운영,고객 0157,모니터 암,사무 용품,20,99000,1980000,배송 준비,정기 주문
REC-000158,2025-06-07,부산,기획,고객 0158,무선 마우스,입력 장치,7,59000,413000,배송 완료,정기 주문
REC-000159,2025-06-08,대전,운영,고객 0159,휴대용 SSD,저장 장치,14,179000,2506000,반품 검토,정기 주문
REC-000160,2025-06-09,인천,기획,고객 0160,헤드셋,음향 장치,1,129000,129000,결제 확인,정기 주문
REC-000161,2025-06-10,광주,운영,고객 0161,무선 키보드,입력 장치,8,89000,712000,처리 중,정기 주문
REC-000162,2025-06-11,대구,기획,고객 0162,27인치 모니터,디스플레이,15,329000,4935000,배송 준비,정기 주문
REC-000163,2025-06-12,울산,운영,고객 0163,USB-C 허브,주변 기기,2,49000,98000,배송 완료,정기 주문
REC-000164,2025-06-13,세종,기획,고객 0164,노트북 거치대,사무 용품,9,67000,603000,반품 검토,정기 주문
REC-000165,2025-06-14,경기,운영,고객 0165,웹캠,영상 장치,16,118000,1888000,결제 확인,정기 주문
REC-000166,2025-06-15,강원,기획,고객 0166,기계식 키보드,입력 장치,3,149000,447000,처리 중,정기 주문
REC-000167,2025-06-16,충북,운영,고객 0167,모니터 암,사무 용품,10,99000,990000,배송 준비,정기 주문
REC-000168,2025-06-17,제주,기획,고객 0168,무선 마우스,입력 장치,17,59000,1003000,배송 완료,정기 주문
REC-000169,2025-06-18,서울,운영,고객 0169,휴대용 SSD,저장 장치,4,179000,716000,반품 검토,정기 주문
REC-000170,2025-06-19,부산,기획,고객 0170,헤드셋,음향 장치,11,129000,1419000,결제 확인,정기 주문
REC-000171,2025-06-20,대전,운영,고객 0171,무선 키보드,입력 장치,18,89000,1602000,처리 중,정기 주문
REC-000172,2025-06-21,인천,기획,고객 0172,27인치 모니터,디스플레이,5,329000,1645000,배송 준비,정기 주문
REC-000173,2025-06-22,광주,운영,고객 0173,USB-C 허브,주변 기기,12,49000,588000,배송 완료,정기 주문
REC-000174,2025-06-23,대구,기획,고객 0174,노트북 거치대,사무 용품,19,67000,1273000,반품 검토,정기 주문
REC-000175,2025-06-24,울산,운영,고객 0175,웹캠,영상 장치,6,118000,708000,결제 확인,정기 주문
REC-000176,2025-06-25,세종,기획,고객 0176,기계식 키보드,입력 장치,13,149000,1937000,처리 중,정기 주문
REC-000177,2025-06-26,경기,운영,고객 0177,모니터 암,사무 용품,20,99000,1980000,배송 준비,정기 주문
REC-000178,2025-06-27,강원,기획,고객 0178,무선 마우스,입력 장치,7,59000,413000,배송 완료,정기 주문
REC-000179,2025-06-28,충북,운영,고객 0179,휴대용 SSD,저장 장치,14,179000,2506000,반품 검토,정기 주문
REC-000180,2025-06-29,제주,기획,고객 0180,헤드셋,음향 장치,1,129000,129000,결제 확인,정기 주문
REC-000181,2025-06-30,서울,운영,고객 0181,무선 키보드,입력 장치,8,89000,712000,처리 중,정기 주문
REC-000182,2025-07-01,부산,기획,고객 0182,27인치 모니터,디스플레이,15,329000,4935000,배송 준비,정기 주문
REC-000183,2025-07-02,대전,운영,고객 0183,USB-C 허브,주변 기기,2,49000,98000,배송 완료,정기 주문
REC-000184,2025-07-03,인천,기획,고객 0184,노트북 거치대,사무 용품,9,67000,603000,반품 검토,정기 주문
REC-000185,2025-07-04,광주,운영,고객 0185,웹캠,영상 장치,16,118000,1888000,결제 확인,정기 주문
REC-000186,2025-07-05,대구,기획,고객 0186,기계식 키보드,입력 장치,3,149000,447000,처리 중,세금계산서 발행
REC-000187,2025-07-06,울산,운영,고객 0187,모니터 암,사무 용품,10,99000,990000,배송 준비,정기 주문
REC-000188,2025-07-07,세종,기획,고객 0188,무선 마우스,입력 장치,17,59000,1003000,배송 완료,정기 주문
REC-000189,2025-07-08,경기,운영,고객 0189,휴대용 SSD,저장 장치,4,179000,716000,반품 검토,정기 주문
REC-000190,2025-07-09,강원,기획,고객 0190,헤드셋,음향 장치,11,129000,1419000,결제 확인,정기 주문
REC-000191,2025-07-10,충북,운영,고객 0191,무선 키보드,입력 장치,18,89000,1602000,처리 중,정기 주문
REC-000192,2025-07-11,제주,기획,고객 0192,27인치 모니터,디스플레이,5,329000,1645000,배송 준비,정기 주문
REC-000193,2025-07-12,서울,운영,고객 0193,USB-C 허브,주변 기기,12,49000,588000,배송 완료,정기 주문
REC-000194,2025-07-13,부산,기획,고객 0194,노트북 거치대,사무 용품,19,67000,1273000,반품 검토,"우선 처리, 오전 출고"
REC-000195,2025-07-14,대전,운영,고객 0195,웹캠,영상 장치,6,118000,708000,결제 확인,정기 주문
REC-000196,2025-07-15,인천,기획,고객 0196,기계식 키보드,입력 장치,13,149000,1937000,처리 중,정기 주문
REC-000197,2025-07-16,광주,운영,고객 0197,모니터 암,사무 용품,20,99000,1980000,배송 준비,정기 주문
REC-000198,2025-07-17,대구,기획,고객 0198,무선 마우스,입력 장치,7,59000,413000,배송 완료,정기 주문
REC-000199,2025-07-18,울산,운영,고객 0199,휴대용 SSD,저장 장치,14,179000,2506000,반품 검토,정기 주문
REC-000200,2025-07-19,세종,기획,고객 0200,헤드셋,음향 장치,1,129000,129000,결제 확인,정기 주문
REC-000201,2025-07-20,경기,운영,고객 0201,무선 키보드,입력 장치,8,89000,712000,처리 중,정기 주문
REC-000202,2025-07-21,강원,기획,고객 0202,27인치 모니터,디스플레이,15,329000,4935000,배송 준비,정기 주문
REC-000203,2025-07-22,충북,운영,고객 0203,USB-C 허브,주변 기기,2,49000,98000,배송 완료,정기 주문
REC-000204,2025-07-23,제주,기획,고객 0204,노트북 거치대,사무 용품,9,67000,603000,반품 검토,정기 주문
REC-000205,2025-07-24,서울,운영,고객 0205,웹캠,영상 장치,16,118000,1888000,결제 확인,정기 주문
REC-000206,2025-07-25,부산,기획,고객 0206,기계식 키보드,입력 장치,3,149000,447000,처리 중,정기 주문
REC-000207,2025-07-26,대전,운영,고객 0207,모니터 암,사무 용품,10,99000,990000,배송 준비,정기 주문
REC-000208,2025-07-27,인천,기획,고객 0208,무선 마우스,입력 장치,17,59000,1003000,배송 완료,정기 주문
REC-000209,2025-07-28,광주,운영,고객 0209,휴대용 SSD,저장 장치,4,179000,716000,반품 검토,정기 주문
REC-000210,2025-07-29,대구,기획,고객 0210,헤드셋,음향 장치,11,129000,1419000,결제 확인,정기 주문
REC-000211,2025-07-30,울산,운영,고객 0211,무선 키보드,입력 장치,18,89000,1602000,처리 중,정기 주문
REC-000212,2025-07-31,세종,기획,고객 0212,27인치 모니터,디스플레이,5,329000,1645000,배송 준비,정기 주문
REC-000213,2025-08-01,경기,운영,고객 0213,USB-C 허브,주변 기기,12,49000,588000,배송 완료,정기 주문
REC-000214,2025-08-02,강원,기획,고객 0214,노트북 거치대,사무 용품,19,67000,1273000,반품 검토,정기 주문
REC-000215,2025-08-03,충북,운영,고객 0215,웹캠,영상 장치,6,118000,708000,결제 확인,정기 주문
REC-000216,2025-08-04,제주,기획,고객 0216,기계식 키보드,입력 장치,13,149000,1937000,처리 중,정기 주문
REC-000217,2025-08-05,서울,운영,고객 0217,모니터 암,사무 용품,20,99000,1980000,배송 준비,세금계산서 발행
REC-000218,2025-08-06,부산,기획,고객 0218,무선 마우스,입력 장치,7,59000,413000,배송 완료,정기 주문
REC-000219,2025-08-07,대전,운영,고객 0219,휴대용 SSD,저장 장치,14,179000,2506000,반품 검토,정기 주문
REC-000220,2025-08-08,인천,기획,고객 0220,헤드셋,음향 장치,1,129000,129000,결제 확인,정기 주문
REC-000221,2025-08-09,광주,운영,고객 0221,무선 키보드,입력 장치,8,89000,712000,처리 중,정기 주문
REC-000222,2025-08-10,대구,기획,고객 0222,27인치 모니터,디스플레이,15,329000,4935000,배송 준비,정기 주문
REC-000223,2025-08-11,울산,운영,고객 0223,USB-C 허브,주변 기기,2,49000,98000,배송 완료,정기 주문
REC-000224,2025-08-12,세종,기획,고객 0224,노트북 거치대,사무 용품,9,67000,603000,반품 검토,정기 주문
REC-000225,2025-08-13,경기,운영,고객 0225,웹캠,영상 장치,16,118000,1888000,결제 확인,정기 주문
REC-000226,2025-08-14,강원,기획,고객 0226,기계식 키보드,입력 장치,3,149000,447000,처리 중,정기 주문
REC-000227,2025-08-15,충북,운영,고객 0227,모니터 암,사무 용품,10,99000,990000,배송 준비,정기 주문
REC-000228,2025-08-16,제주,기획,고객 0228,무선 마우스,입력 장치,17,59000,1003000,배송 완료,정기 주문
REC-000229,2025-08-17,서울,운영,고객 0229,휴대용 SSD,저장 장치,4,179000,716000,반품 검토,정기 주문
REC-000230,2025-08-18,부산,기획,고객 0230,헤드셋,음향 장치,11,129000,1419000,결제 확인,정기 주문
REC-000231,2025-08-19,대전,운영,고객 0231,무선 키보드,입력 장치,18,89000,1602000,처리 중,정기 주문
REC-000232,2025-08-20,인천,기획,고객 0232,27인치 모니터,디스플레이,5,329000,1645000,배송 준비,정기 주문
REC-000233,2025-08-21,광주,운영,고객 0233,USB-C 허브,주변 기기,12,49000,588000,배송 완료,정기 주문
REC-000234,2025-08-22,대구,기획,고객 0234,노트북 거치대,사무 용품,19,67000,1273000,반품 검토,정기 주문
REC-000235,2025-08-23,울산,운영,고객 0235,웹캠,영상 장치,6,118000,708000,결제 확인,정기 주문
REC-000236,2025-08-24,세종,기획,고객 0236,기계식 키보드,입력 장치,13,149000,1937000,처리 중,정기 주문
REC-000237,2025-08-25,경기,운영,고객 0237,모니터 암,사무 용품,20,99000,1980000,배송 준비,정기 주문
REC-000238,2025-08-26,강원,기획,고객 0238,무선 마우스,입력 장치,7,59000,413000,배송 완료,정기 주문
REC-000239,2025-08-27,충북,운영,고객 0239,휴대용 SSD,저장 장치,14,179000,2506000,반품 검토,정기 주문
REC-000240,2025-08-28,제주,기획,고객 0240,헤드셋,음향 장치,1,129000,129000,결제 확인,정기 주문
REC-000241,2025-08-29,서울,운영,고객 0241,무선 키보드,입력 장치,8,89000,712000,처리 중,정기 주문
REC-000242,2025-08-30,부산,기획,고객 0242,27인치 모니터,디스플레이,15,329000,4935000,배송 준비,정기 주문
REC-000243,2025-08-31,대전,운영,고객 0243,USB-C 허브,주변 기기,2,49000,98000,배송 완료,정기 주문
REC-000244,2025-09-01,인천,기획,고객 0244,노트북 거치대,사무 용품,9,67000,603000,반품 검토,정기 주문
REC-000245,2025-09-02,광주,운영,고객 0245,웹캠,영상 장치,16,118000,1888000,결제 확인,정기 주문
REC-000246,2025-09-03,대구,기획,고객 0246,기계식 키보드,입력 장치,3,149000,447000,처리 중,정기 주문
REC-000247,2025-09-04,울산,운영,고객 0247,모니터 암,사무 용품,10,99000,990000,배송 준비,정기 주문
REC-000248,2025-09-05,세종,기획,고객 0248,무선 마우스,입력 장치,17,59000,1003000,배송 완료,세금계산서 발행
REC-000249,2025-09-06,경기,운영,고객 0249,휴대용 SSD,저장 장치,4,179000,716000,반품 검토,정기 주문
REC-000250,2025-09-07,강원,기획,고객 0250,헤드셋,음향 장치,11,129000,1419000,결제 확인,"분기 마감 주문, 담당자 ""재확인"" 필요"
REC-000251,2025-09-08,충북,운영,고객 0251,무선 키보드,입력 장치,18,89000,1602000,처리 중,정기 주문
REC-000252,2025-09-09,제주,기획,고객 0252,27인치 모니터,디스플레이,5,329000,1645000,배송 준비,정기 주문
REC-000253,2025-09-10,서울,운영,고객 0253,USB-C 허브,주변 기기,12,49000,588000,배송 완료,정기 주문
REC-000254,2025-09-11,부산,기획,고객 0254,노트북 거치대,사무 용품,19,67000,1273000,반품 검토,정기 주문
REC-000255,2025-09-12,대전,운영,고객 0255,웹캠,영상 장치,6,118000,708000,결제 확인,정기 주문
REC-000256,2025-09-13,인천,기획,고객 0256,기계식 키보드,입력 장치,13,149000,1937000,처리 중,정기 주문
REC-000257,2025-09-14,광주,운영,고객 0257,모니터 암,사무 용품,20,99000,1980000,배송 준비,정기 주문
REC-000258,2025-09-15,대구,기획,고객 0258,무선 마우스,입력 장치,7,59000,413000,배송 완료,정기 주문
REC-000259,2025-09-16,울산,운영,고객 0259,휴대용 SSD,저장 장치,14,179000,2506000,반품 검토,정기 주문
REC-000260,2025-09-17,세종,기획,고객 0260,헤드셋,음향 장치,1,129000,129000,결제 확인,정기 주문
REC-000261,2025-09-18,경기,운영,고객 0261,무선 키보드,입력 장치,8,89000,712000,처리 중,정기 주문
REC-000262,2025-09-19,강원,기획,고객 0262,27인치 모니터,디스플레이,15,329000,4935000,배송 준비,정기 주문
REC-000263,2025-09-20,충북,운영,고객 0263,USB-C 허브,주변 기기,2,49000,98000,배송 완료,정기 주문
REC-000264,2025-09-21,제주,기획,고객 0264,노트북 거치대,사무 용품,9,67000,603000,반품 검토,정기 주문
REC-000265,2025-09-22,서울,운영,고객 0265,웹캠,영상 장치,16,118000,1888000,결제 확인,정기 주문
REC-000266,2025-09-23,부산,기획,고객 0266,기계식 키보드,입력 장치,3,149000,447000,처리 중,정기 주문
REC-000267,2025-09-24,대전,운영,고객 0267,모니터 암,사무 용품,10,99000,990000,배송 준비,정기 주문
REC-000268,2025-09-25,인천,기획,고객 0268,무선 마우스,입력 장치,17,59000,1003000,배송 완료,정기 주문
REC-000269,2025-09-26,광주,운영,고객 0269,휴대용 SSD,저장 장치,4,179000,716000,반품 검토,정기 주문
REC-000270,2025-09-27,대구,기획,고객 0270,헤드셋,음향 장치,11,129000,1419000,결제 확인,정기 주문
REC-000271,2025-09-28,울산,운영,고객 0271,무선 키보드,입력 장치,18,89000,1602000,처리 중,정기 주문
REC-000272,2025-09-29,세종,기획,고객 0272,27인치 모니터,디스플레이,5,329000,1645000,배송 준비,정기 주문
REC-000273,2025-09-30,경기,운영,고객 0273,USB-C 허브,주변 기기,12,49000,588000,배송 완료,정기 주문
REC-000274,2025-10-01,강원,기획,고객 0274,노트북 거치대,사무 용품,19,67000,1273000,반품 검토,정기 주문
REC-000275,2025-10-02,충북,운영,고객 0275,웹캠,영상 장치,6,118000,708000,결제 확인,정기 주문
REC-000276,2025-10-03,제주,기획,고객 0276,기계식 키보드,입력 장치,13,149000,1937000,처리 중,정기 주문
REC-000277,2025-10-04,서울,운영,고객 0277,모니터 암,사무 용품,20,99000,1980000,배송 준비,정기 주문
REC-000278,2025-10-05,부산,기획,고객 0278,무선 마우스,입력 장치,7,59000,413000,배송 완료,정기 주문
REC-000279,2025-10-06,대전,운영,고객 0279,휴대용 SSD,저장 장치,14,179000,2506000,반품 검토,세금계산서 발행
REC-000280,2025-10-07,인천,기획,고객 0280,헤드셋,음향 장치,1,129000,129000,결제 확인,정기 주문
REC-000281,2025-10-08,광주,운영,고객 0281,무선 키보드,입력 장치,8,89000,712000,처리 중,정기 주문
REC-000282,2025-10-09,대구,기획,고객 0282,27인치 모니터,디스플레이,15,329000,4935000,배송 준비,정기 주문
REC-000283,2025-10-10,울산,운영,고객 0283,USB-C 허브,주변 기기,2,49000,98000,배송 완료,정기 주문
REC-000284,2025-10-11,세종,기획,고객 0284,노트북 거치대,사무 용품,9,67000,603000,반품 검토,정기 주문
REC-000285,2025-10-12,경기,운영,고객 0285,웹캠,영상 장치,16,118000,1888000,결제 확인,정기 주문
REC-000286,2025-10-13,강원,기획,고객 0286,기계식 키보드,입력 장치,3,149000,447000,처리 중,정기 주문
REC-000287,2025-10-14,충북,운영,고객 0287,모니터 암,사무 용품,10,99000,990000,배송 준비,정기 주문
REC-000288,2025-10-15,제주,기획,고객 0288,무선 마우스,입력 장치,17,59000,1003000,배송 완료,정기 주문
REC-000289,2025-10-16,서울,운영,고객 0289,휴대용 SSD,저장 장치,4,179000,716000,반품 검토,정기 주문
REC-000290,2025-10-17,부산,기획,고객 0290,헤드셋,음향 장치,11,129000,1419000,결제 확인,정기 주문
REC-000291,2025-10-18,대전,운영,고객 0291,무선 키보드,입력 장치,18,89000,1602000,처리 중,"우선 처리, 오전 출고"
REC-000292,2025-10-19,인천,기획,고객 0292,27인치 모니터,디스플레이,5,329000,1645000,배송 준비,정기 주문
REC-000293,2025-10-20,광주,운영,고객 0293,USB-C 허브,주변 기기,12,49000,588000,배송 완료,정기 주문
REC-000294,2025-10-21,대구,기획,고객 0294,노트북 거치대,사무 용품,19,67000,1273000,반품 검토,정기 주문
REC-000295,2025-10-22,울산,운영,고객 0295,웹캠,영상 장치,6,118000,708000,결제 확인,정기 주문
REC-000296,2025-10-23,세종,기획,고객 0296,기계식 키보드,입력 장치,13,149000,1937000,처리 중,정기 주문
REC-000297,2025-10-24,경기,운영,고객 0297,모니터 암,사무 용품,20,99000,1980000,배송 준비,정기 주문
REC-000298,2025-10-25,강원,기획,고객 0298,무선 마우스,입력 장치,7,59000,413000,배송 완료,정기 주문
REC-000299,2025-10-26,충북,운영,고객 0299,휴대용 SSD,저장 장치,14,179000,2506000,반품 검토,정기 주문
REC-000300,2025-10-27,제주,기획,고객 0300,헤드셋,음향 장치,1,129000,129000,결제 확인,정기 주문
REC-000301,2025-10-28,서울,운영,고객 0301,무선 키보드,입력 장치,8,89000,712000,처리 중,정기 주문
REC-000302,2025-10-29,부산,기획,고객 0302,27인치 모니터,디스플레이,15,329000,4935000,배송 준비,정기 주문
REC-000303,2025-10-30,대전,운영,고객 0303,USB-C 허브,주변 기기,2,49000,98000,배송 완료,정기 주문
REC-000304,2025-10-31,인천,기획,고객 0304,노트북 거치대,사무 용품,9,67000,603000,반품 검토,정기 주문
REC-000305,2025-11-01,광주,운영,고객 0305,웹캠,영상 장치,16,118000,1888000,결제 확인,정기 주문
REC-000306,2025-11-02,대구,기획,고객 0306,기계식 키보드,입력 장치,3,149000,447000,처리 중,정기 주문
REC-000307,2025-11-03,울산,운영,고객 0307,모니터 암,사무 용품,10,99000,990000,배송 준비,정기 주문
REC-000308,2025-11-04,세종,기획,고객 0308,무선 마우스,입력 장치,17,59000,1003000,배송 완료,정기 주문
REC-000309,2025-11-05,경기,운영,고객 0309,휴대용 SSD,저장 장치,4,179000,716000,반품 검토,정기 주문
REC-000310,2025-11-06,강원,기획,고객 0310,헤드셋,음향 장치,11,129000,1419000,결제 확인,세금계산서 발행
REC-000311,2025-11-07,충북,운영,고객 0311,무선 키보드,입력 장치,18,89000,1602000,처리 중,정기 주문
REC-000312,2025-11-08,제주,기획,고객 0312,27인치 모니터,디스플레이,5,329000,1645000,배송 준비,정기 주문
REC-000313,2025-11-09,서울,운영,고객 0313,USB-C 허브,주변 기기,12,49000,588000,배송 완료,정기 주문
REC-000314,2025-11-10,부산,기획,고객 0314,노트북 거치대,사무 용품,19,67000,1273000,반품 검토,정기 주문
REC-000315,2025-11-11,대전,운영,고객 0315,웹캠,영상 장치,6,118000,708000,결제 확인,정기 주문
REC-000316,2025-11-12,인천,기획,고객 0316,기계식 키보드,입력 장치,13,149000,1937000,처리 중,정기 주문
REC-000317,2025-11-13,광주,운영,고객 0317,모니터 암,사무 용품,20,99000,1980000,배송 준비,정기 주문
REC-000318,2025-11-14,대구,기획,고객 0318,무선 마우스,입력 장치,7,59000,413000,배송 완료,정기 주문
REC-000319,2025-11-15,울산,운영,고객 0319,휴대용 SSD,저장 장치,14,179000,2506000,반품 검토,정기 주문
REC-000320,2025-11-16,세종,기획,고객 0320,헤드셋,음향 장치,1,129000,129000,결제 확인,정기 주문
REC-000321,2025-11-17,경기,운영,고객 0321,무선 키보드,입력 장치,8,89000,712000,처리 중,정기 주문
REC-000322,2025-11-18,강원,기획,고객 0322,27인치 모니터,디스플레이,15,329000,4935000,배송 준비,정기 주문
REC-000323,2025-11-19,충북,운영,고객 0323,USB-C 허브,주변 기기,2,49000,98000,배송 완료,정기 주문
REC-000324,2025-11-20,제주,기획,고객 0324,노트북 거치대,사무 용품,9,67000,603000,반품 검토,정기 주문
REC-000325,2025-11-21,서울,운영,고객 0325,웹캠,영상 장치,16,118000,1888000,결제 확인,정기 주문
REC-000326,2025-11-22,부산,기획,고객 0326,기계식 키보드,입력 장치,3,149000,447000,처리 중,정기 주문
REC-000327,2025-11-23,대전,운영,고객 0327,모니터 암,사무 용품,10,99000,990000,배송 준비,정기 주문
REC-000328,2025-11-24,인천,기획,고객 0328,무선 마우스,입력 장치,17,59000,1003000,배송 완료,정기 주문
REC-000329,2025-11-25,광주,운영,고객 0329,휴대용 SSD,저장 장치,4,179000,716000,반품 검토,정기 주문
REC-000330,2025-11-26,대구,기획,고객 0330,헤드셋,음향 장치,11,129000,1419000,결제 확인,정기 주문
REC-000331,2025-11-27,울산,운영,고객 0331,무선 키보드,입력 장치,18,89000,1602000,처리 중,정기 주문
REC-000332,2025-11-28,세종,기획,고객 0332,27인치 모니터,디스플레이,5,329000,1645000,배송 준비,정기 주문
REC-000333,2025-11-29,경기,운영,고객 0333,USB-C 허브,주변 기기,12,49000,588000,배송 완료,정기 주문
REC-000334,2025-11-30,강원,기획,고객 0334,노트북 거치대,사무 용품,19,67000,1273000,반품 검토,정기 주문
REC-000335,2025-12-01,충북,운영,고객 0335,웹캠,영상 장치,6,118000,708000,결제 확인,정기 주문
REC-000336,2025-12-02,제주,기획,고객 0336,기계식 키보드,입력 장치,13,149000,1937000,처리 중,정기 주문
REC-000337,2025-12-03,서울,운영,고객 0337,모니터 암,사무 용품,20,99000,1980000,배송 준비,정기 주문
REC-000338,2025-12-04,부산,기획,고객 0338,무선 마우스,입력 장치,7,59000,413000,배송 완료,정기 주문
REC-000339,2025-12-05,대전,운영,고객 0339,휴대용 SSD,저장 장치,14,179000,2506000,반품 검토,정기 주문
REC-000340,2025-12-06,인천,기획,고객 0340,헤드셋,음향 장치,1,129000,129000,결제 확인,정기 주문
REC-000341,2025-12-07,광주,운영,고객 0341,무선 키보드,입력 장치,8,89000,712000,처리 중,세금계산서 발행
REC-000342,2025-12-08,대구,기획,고객 0342,27인치 모니터,디스플레이,15,329000,4935000,배송 준비,정기 주문
REC-000343,2025-12-09,울산,운영,고객 0343,USB-C 허브,주변 기기,2,49000,98000,배송 완료,정기 주문
REC-000344,2025-12-10,세종,기획,고객 0344,노트북 거치대,사무 용품,9,67000,603000,반품 검토,정기 주문
REC-000345,2025-12-11,경기,운영,고객 0345,웹캠,영상 장치,16,118000,1888000,결제 확인,정기 주문
REC-000346,2025-12-12,강원,기획,고객 0346,기계식 키보드,입력 장치,3,149000,447000,처리 중,정기 주문
REC-000347,2025-12-13,충북,운영,고객 0347,모니터 암,사무 용품,10,99000,990000,배송 준비,정기 주문
REC-000348,2025-12-14,제주,기획,고객 0348,무선 마우스,입력 장치,17,59000,1003000,배송 완료,정기 주문
REC-000349,2025-12-15,서울,운영,고객 0349,휴대용 SSD,저장 장치,4,179000,716000,반품 검토,정기 주문
REC-000350,2025-12-16,부산,기획,고객 0350,헤드셋,음향 장치,11,129000,1419000,결제 확인,정기 주문
REC-000351,2025-12-17,대전,운영,고객 0351,무선 키보드,입력 장치,18,89000,1602000,처리 중,정기 주문
REC-000352,2025-12-18,인천,기획,고객 0352,27인치 모니터,디스플레이,5,329000,1645000,배송 준비,정기 주문
REC-000353,2025-12-19,광주,운영,고객 0353,USB-C 허브,주변 기기,12,49000,588000,배송 완료,정기 주문
REC-000354,2025-12-20,대구,기획,고객 0354,노트북 거치대,사무 용품,19,67000,1273000,반품 검토,정기 주문
REC-000355,2025-12-21,울산,운영,고객 0355,웹캠,영상 장치,6,118000,708000,결제 확인,정기 주문
REC-000356,2025-12-22,세종,기획,고객 0356,기계식 키보드,입력 장치,13,149000,1937000,처리 중,정기 주문
REC-000357,2025-12-23,경기,운영,고객 0357,모니터 암,사무 용품,20,99000,1980000,배송 준비,정기 주문
REC-000358,2025-12-24,강원,기획,고객 0358,무선 마우스,입력 장치,7,59000,413000,배송 완료,정기 주문
REC-000359,2025-12-25,충북,운영,고객 0359,휴대용 SSD,저장 장치,14,179000,2506000,반품 검토,정기 주문
REC-000360,2025-12-26,제주,기획,고객 0360,헤드셋,음향 장치,1,129000,129000,결제 확인,정기 주문
REC-000361,2025-12-27,서울,운영,고객 0361,무선 키보드,입력 장치,8,89000,712000,처리 중,정기 주문
REC-000362,2025-12-28,부산,기획,고객 0362,27인치 모니터,디스플레이,15,329000,4935000,배송 준비,정기 주문
REC-000363,2025-12-29,대전,운영,고객 0363,USB-C 허브,주변 기기,2,49000,98000,배송 완료,정기 주문
REC-000364,2025-12-30,인천,기획,고객 0364,노트북 거치대,사무 용품,9,67000,603000,반품 검토,정기 주문
REC-000365,2025-12-31,광주,운영,고객 0365,웹캠,영상 장치,16,118000,1888000,결제 확인,정기 주문
REC-000366,2026-01-01,대구,기획,고객 0366,기계식 키보드,입력 장치,3,149000,447000,처리 중,정기 주문
REC-000367,2026-01-02,울산,운영,고객 0367,모니터 암,사무 용품,10,99000,990000,배송 준비,정기 주문
REC-000368,2026-01-03,세종,기획,고객 0368,무선 마우스,입력 장치,17,59000,1003000,배송 완료,정기 주문
REC-000369,2026-01-04,경기,운영,고객 0369,휴대용 SSD,저장 장치,4,179000,716000,반품 검토,정기 주문
REC-000370,2026-01-05,강원,기획,고객 0370,헤드셋,음향 장치,11,129000,1419000,결제 확인,정기 주문
REC-000371,2026-01-06,충북,운영,고객 0371,무선 키보드,입력 장치,18,89000,1602000,처리 중,정기 주문
REC-000372,2026-01-07,제주,기획,고객 0372,27인치 모니터,디스플레이,5,329000,1645000,배송 준비,세금계산서 발행
REC-000373,2026-01-08,서울,운영,고객 0373,USB-C 허브,주변 기기,12,49000,588000,배송 완료,정기 주문
REC-000374,2026-01-09,부산,기획,고객 0374,노트북 거치대,사무 용품,19,67000,1273000,반품 검토,정기 주문
REC-000375,2026-01-10,대전,운영,고객 0375,웹캠,영상 장치,6,118000,708000,결제 확인,정기 주문
REC-000376,2026-01-11,인천,기획,고객 0376,기계식 키보드,입력 장치,13,149000,1937000,처리 중,정기 주문
REC-000377,2026-01-12,광주,운영,고객 0377,모니터 암,사무 용품,20,99000,1980000,배송 준비,정기 주문
REC-000378,2026-01-13,대구,기획,고객 0378,무선 마우스,입력 장치,7,59000,413000,배송 완료,정기 주문
REC-000379,2026-01-14,울산,운영,고객 0379,휴대용 SSD,저장 장치,14,179000,2506000,반품 검토,정기 주문
REC-000380,2026-01-15,세종,기획,고객 0380,헤드셋,음향 장치,1,129000,129000,결제 확인,정기 주문
REC-000381,2026-01-16,경기,운영,고객 0381,무선 키보드,입력 장치,8,89000,712000,처리 중,정기 주문
REC-000382,2026-01-17,강원,기획,고객 0382,27인치 모니터,디스플레이,15,329000,4935000,배송 준비,정기 주문
REC-000383,2026-01-18,충북,운영,고객 0383,USB-C 허브,주변 기기,2,49000,98000,배송 완료,정기 주문
REC-000384,2026-01-19,제주,기획,고객 0384,노트북 거치대,사무 용품,9,67000,603000,반품 검토,정기 주문
REC-000385,2026-01-20,서울,운영,고객 0385,웹캠,영상 장치,16,118000,1888000,결제 확인,정기 주문
REC-000386,2026-01-21,부산,기획,고객 0386,기계식 키보드,입력 장치,3,149000,447000,처리 중,정기 주문
REC-000387,2026-01-22,대전,운영,고객 0387,모니터 암,사무 용품,10,99000,990000,배송 준비,정기 주문
REC-000388,2026-01-23,인천,기획,고객 0388,무선 마우스,입력 장치,17,59000,1003000,배송 완료,"우선 처리, 오전 출고"
REC-000389,2026-01-24,광주,운영,고객 0389,휴대용 SSD,저장 장치,4,179000,716000,반품 검토,정기 주문
REC-000390,2026-01-25,대구,기획,고객 0390,헤드셋,음향 장치,11,129000,1419000,결제 확인,정기 주문
REC-000391,2026-01-26,울산,운영,고객 0391,무선 키보드,입력 장치,18,89000,1602000,처리 중,정기 주문
REC-000392,2026-01-27,세종,기획,고객 0392,27인치 모니터,디스플레이,5,329000,1645000,배송 준비,정기 주문
REC-000393,2026-01-28,경기,운영,고객 0393,USB-C 허브,주변 기기,12,49000,588000,배송 완료,정기 주문
REC-000394,2026-01-29,강원,기획,고객 0394,노트북 거치대,사무 용품,19,67000,1273000,반품 검토,정기 주문
REC-000395,2026-01-30,충북,운영,고객 0395,웹캠,영상 장치,6,118000,708000,결제 확인,정기 주문
REC-000396,2026-01-31,제주,기획,고객 0396,기계식 키보드,입력 장치,13,149000,1937000,처리 중,정기 주문
REC-000397,2026-02-01,서울,운영,고객 0397,모니터 암,사무 용품,20,99000,1980000,배송 준비,정기 주문
REC-000398,2026-02-02,부산,기획,고객 0398,무선 마우스,입력 장치,7,59000,413000,배송 완료,정기 주문
REC-000399,2026-02-03,대전,운영,고객 0399,휴대용 SSD,저장 장치,14,179000,2506000,반품 검토,정기 주문
REC-000400,2026-02-04,인천,기획,고객 0400,헤드셋,음향 장치,1,129000,129000,결제 확인,정기 주문
REC-000401,2026-02-05,광주,운영,고객 0401,무선 키보드,입력 장치,8,89000,712000,처리 중,정기 주문
REC-000402,2026-02-06,대구,기획,고객 0402,27인치 모니터,디스플레이,15,329000,4935000,배송 준비,정기 주문
REC-000403,2026-02-07,울산,운영,고객 0403,USB-C 허브,주변 기기,2,49000,98000,배송 완료,세금계산서 발행
REC-000404,2026-02-08,세종,기획,고객 0404,노트북 거치대,사무 용품,9,67000,603000,반품 검토,정기 주문
REC-000405,2026-02-09,경기,운영,고객 0405,웹캠,영상 장치,16,118000,1888000,결제 확인,정기 주문
REC-000406,2026-02-10,강원,기획,고객 0406,기계식 키보드,입력 장치,3,149000,447000,처리 중,정기 주문
REC-000407,2026-02-11,충북,운영,고객 0407,모니터 암,사무 용품,10,99000,990000,배송 준비,정기 주문
REC-000408,2026-02-12,제주,기획,고객 0408,무선 마우스,입력 장치,17,59000,1003000,배송 완료,정기 주문
REC-000409,2026-02-13,서울,운영,고객 0409,휴대용 SSD,저장 장치,4,179000,716000,반품 검토,정기 주문
REC-000410,2026-02-14,부산,기획,고객 0410,헤드셋,음향 장치,11,129000,1419000,결제 확인,정기 주문
REC-000411,2026-02-15,대전,운영,고객 0411,무선 키보드,입력 장치,18,89000,1602000,처리 중,정기 주문
REC-000412,2026-02-16,인천,기획,고객 0412,27인치 모니터,디스플레이,5,329000,1645000,배송 준비,정기 주문
REC-000413,2026-02-17,광주,운영,고객 0413,USB-C 허브,주변 기기,12,49000,588000,배송 완료,정기 주문
REC-000414,2026-02-18,대구,기획,고객 0414,노트북 거치대,사무 용품,19,67000,1273000,반품 검토,정기 주문
REC-000415,2026-02-19,울산,운영,고객 0415,웹캠,영상 장치,6,118000,708000,결제 확인,정기 주문
REC-000416,2026-02-20,세종,기획,고객 0416,기계식 키보드,입력 장치,13,149000,1937000,처리 중,정기 주문
REC-000417,2026-02-21,경기,운영,고객 0417,모니터 암,사무 용품,20,99000,1980000,배송 준비,정기 주문
REC-000418,2026-02-22,강원,기획,고객 0418,무선 마우스,입력 장치,7,59000,413000,배송 완료,정기 주문
REC-000419,2026-02-23,충북,운영,고객 0419,휴대용 SSD,저장 장치,14,179000,2506000,반품 검토,정기 주문
REC-000420,2026-02-24,제주,기획,고객 0420,헤드셋,음향 장치,1,129000,129000,결제 확인,정기 주문
REC-000421,2026-02-25,서울,운영,고객 0421,무선 키보드,입력 장치,8,89000,712000,처리 중,정기 주문
REC-000422,2026-02-26,부산,기획,고객 0422,27인치 모니터,디스플레이,15,329000,4935000,배송 준비,정기 주문
REC-000423,2026-02-27,대전,운영,고객 0423,USB-C 허브,주변 기기,2,49000,98000,배송 완료,정기 주문
REC-000424,2026-02-28,인천,기획,고객 0424,노트북 거치대,사무 용품,9,67000,603000,반품 검토,정기 주문
REC-000425,2026-03-01,광주,운영,고객 0425,웹캠,영상 장치,16,118000,1888000,결제 확인,정기 주문
REC-000426,2026-03-02,대구,기획,고객 0426,기계식 키보드,입력 장치,3,149000,447000,처리 중,정기 주문
REC-000427,2026-03-03,울산,운영,고객 0427,모니터 암,사무 용품,10,99000,990000,배송 준비,정기 주문
REC-000428,2026-03-04,세종,기획,고객 0428,무선 마우스,입력 장치,17,59000,1003000,배송 완료,정기 주문
REC-000429,2026-03-05,경기,운영,고객 0429,휴대용 SSD,저장 장치,4,179000,716000,반품 검토,정기 주문
REC-000430,2026-03-06,강원,기획,고객 0430,헤드셋,음향 장치,11,129000,1419000,결제 확인,정기 주문
REC-000431,2026-03-07,충북,운영,고객 0431,무선 키보드,입력 장치,18,89000,1602000,처리 중,정기 주문
REC-000432,2026-03-08,제주,기획,고객 0432,27인치 모니터,디스플레이,5,329000,1645000,배송 준비,정기 주문
REC-000433,2026-03-09,서울,운영,고객 0433,USB-C 허브,주변 기기,12,49000,588000,배송 완료,정기 주문
REC-000434,2026-03-10,부산,기획,고객 0434,노트북 거치대,사무 용품,19,67000,1273000,반품 검토,세금계산서 발행
REC-000435,2026-03-11,대전,운영,고객 0435,웹캠,영상 장치,6,118000,708000,결제 확인,정기 주문
REC-000436,2026-03-12,인천,기획,고객 0436,기계식 키보드,입력 장치,13,149000,1937000,처리 중,정기 주문
REC-000437,2026-03-13,광주,운영,고객 0437,모니터 암,사무 용품,20,99000,1980000,배송 준비,정기 주문
REC-000438,2026-03-14,대구,기획,고객 0438,무선 마우스,입력 장치,7,59000,413000,배송 완료,정기 주문
REC-000439,2026-03-15,울산,운영,고객 0439,휴대용 SSD,저장 장치,14,179000,2506000,반품 검토,정기 주문
REC-000440,2026-03-16,세종,기획,고객 0440,헤드셋,음향 장치,1,129000,129000,결제 확인,정기 주문
REC-000441,2026-03-17,경기,운영,고객 0441,무선 키보드,입력 장치,8,89000,712000,처리 중,정기 주문
REC-000442,2026-03-18,강원,기획,고객 0442,27인치 모니터,디스플레이,15,329000,4935000,배송 준비,정기 주문
REC-000443,2026-03-19,충북,운영,고객 0443,USB-C 허브,주변 기기,2,49000,98000,배송 완료,정기 주문
REC-000444,2026-03-20,제주,기획,고객 0444,노트북 거치대,사무 용품,9,67000,603000,반품 검토,정기 주문
REC-000445,2026-03-21,서울,운영,고객 0445,웹캠,영상 장치,16,118000,1888000,결제 확인,정기 주문
REC-000446,2026-03-22,부산,기획,고객 0446,기계식 키보드,입력 장치,3,149000,447000,처리 중,정기 주문
REC-000447,2026-03-23,대전,운영,고객 0447,모니터 암,사무 용품,10,99000,990000,배송 준비,정기 주문
REC-000448,2026-03-24,인천,기획,고객 0448,무선 마우스,입력 장치,17,59000,1003000,배송 완료,정기 주문
REC-000449,2026-03-25,광주,운영,고객 0449,휴대용 SSD,저장 장치,4,179000,716000,반품 검토,정기 주문
REC-000450,2026-03-26,대구,기획,고객 0450,헤드셋,음향 장치,11,129000,1419000,결제 확인,정기 주문
REC-000451,2026-03-27,울산,운영,고객 0451,무선 키보드,입력 장치,18,89000,1602000,처리 중,정기 주문
REC-000452,2026-03-28,세종,기획,고객 0452,27인치 모니터,디스플레이,5,329000,1645000,배송 준비,정기 주문
REC-000453,2026-03-29,경기,운영,고객 0453,USB-C 허브,주변 기기,12,49000,588000,배송 완료,정기 주문
REC-000454,2026-03-30,강원,기획,고객 0454,노트북 거치대,사무 용품,19,67000,1273000,반품 검토,정기 주문
REC-000455,2026-03-31,충북,운영,고객 0455,웹캠,영상 장치,6,118000,708000,결제 확인,정기 주문
REC-000456,2026-04-01,제주,기획,고객 0456,기계식 키보드,입력 장치,13,149000,1937000,처리 중,정기 주문
REC-000457,2026-04-02,서울,운영,고객 0457,모니터 암,사무 용품,20,99000,1980000,배송 준비,정기 주문
REC-000458,2026-04-03,부산,기획,고객 0458,무선 마우스,입력 장치,7,59000,413000,배송 완료,정기 주문
REC-000459,2026-04-04,대전,운영,고객 0459,휴대용 SSD,저장 장치,14,179000,2506000,반품 검토,정기 주문
REC-000460,2026-04-05,인천,기획,고객 0460,헤드셋,음향 장치,1,129000,129000,결제 확인,정기 주문
REC-000461,2026-04-06,광주,운영,고객 0461,무선 키보드,입력 장치,8,89000,712000,처리 중,정기 주문
REC-000462,2026-04-07,대구,기획,고객 0462,27인치 모니터,디스플레이,15,329000,4935000,배송 준비,정기 주문
REC-000463,2026-04-08,울산,운영,고객 0463,USB-C 허브,주변 기기,2,49000,98000,배송 완료,정기 주문
REC-000464,2026-04-09,세종,기획,고객 0464,노트북 거치대,사무 용품,9,67000,603000,반품 검토,정기 주문
REC-000465,2026-04-10,경기,운영,고객 0465,웹캠,영상 장치,16,118000,1888000,결제 확인,세금계산서 발행
REC-000466,2026-04-11,강원,기획,고객 0466,기계식 키보드,입력 장치,3,149000,447000,처리 중,정기 주문
REC-000467,2026-04-12,충북,운영,고객 0467,모니터 암,사무 용품,10,99000,990000,배송 준비,정기 주문
REC-000468,2026-04-13,제주,기획,고객 0468,무선 마우스,입력 장치,17,59000,1003000,배송 완료,정기 주문
REC-000469,2026-04-14,서울,운영,고객 0469,휴대용 SSD,저장 장치,4,179000,716000,반품 검토,정기 주문
REC-000470,2026-04-15,부산,기획,고객 0470,헤드셋,음향 장치,11,129000,1419000,결제 확인,정기 주문
REC-000471,2026-04-16,대전,운영,고객 0471,무선 키보드,입력 장치,18,89000,1602000,처리 중,정기 주문
REC-000472,2026-04-17,인천,기획,고객 0472,27인치 모니터,디스플레이,5,329000,1645000,배송 준비,정기 주문
REC-000473,2026-04-18,광주,운영,고객 0473,USB-C 허브,주변 기기,12,49000,588000,배송 완료,정기 주문
REC-000474,2026-04-19,대구,기획,고객 0474,노트북 거치대,사무 용품,19,67000,1273000,반품 검토,정기 주문
REC-000475,2026-04-20,울산,운영,고객 0475,웹캠,영상 장치,6,118000,708000,결제 확인,정기 주문
REC-000476,2026-04-21,세종,기획,고객 0476,기계식 키보드,입력 장치,13,149000,1937000,처리 중,정기 주문
REC-000477,2026-04-22,경기,운영,고객 0477,모니터 암,사무 용품,20,99000,1980000,배송 준비,정기 주문
REC-000478,2026-04-23,강원,기획,고객 0478,무선 마우스,입력 장치,7,59000,413000,배송 완료,정기 주문
REC-000479,2026-04-24,충북,운영,고객 0479,휴대용 SSD,저장 장치,14,179000,2506000,반품 검토,정기 주문
REC-000480,2026-04-25,제주,기획,고객 0480,헤드셋,음향 장치,1,129000,129000,결제 확인,정기 주문
REC-000481,2026-04-26,서울,운영,고객 0481,무선 키보드,입력 장치,8,89000,712000,처리 중,정기 주문
REC-000482,2026-04-27,부산,기획,고객 0482,27인치 모니터,디스플레이,15,329000,4935000,배송 준비,정기 주문
REC-000483,2026-04-28,대전,운영,고객 0483,USB-C 허브,주변 기기,2,49000,98000,배송 완료,정기 주문
REC-000484,2026-04-29,인천,기획,고객 0484,노트북 거치대,사무 용품,9,67000,603000,반품 검토,정기 주문
REC-000485,2026-04-30,광주,운영,고객 0485,웹캠,영상 장치,16,118000,1888000,결제 확인,"우선 처리, 오전 출고"
REC-000486,2026-05-01,대구,기획,고객 0486,기계식 키보드,입력 장치,3,149000,447000,처리 중,정기 주문
REC-000487,2026-05-02,울산,운영,고객 0487,모니터 암,사무 용품,10,99000,990000,배송 준비,정기 주문
REC-000488,2026-05-03,세종,기획,고객 0488,무선 마우스,입력 장치,17,59000,1003000,배송 완료,정기 주문
REC-000489,2026-05-04,경기,운영,고객 0489,휴대용 SSD,저장 장치,4,179000,716000,반품 검토,정기 주문
REC-000490,2026-05-05,강원,기획,고객 0490,헤드셋,음향 장치,11,129000,1419000,결제 확인,정기 주문
REC-000491,2026-05-06,충북,운영,고객 0491,무선 키보드,입력 장치,18,89000,1602000,처리 중,정기 주문
REC-000492,2026-05-07,제주,기획,고객 0492,27인치 모니터,디스플레이,5,329000,1645000,배송 준비,정기 주문
REC-000493,2026-05-08,서울,운영,고객 0493,USB-C 허브,주변 기기,12,49000,588000,배송 완료,정기 주문
REC-000494,2026-05-09,부산,기획,고객 0494,노트북 거치대,사무 용품,19,67000,1273000,반품 검토,정기 주문
REC-000495,2026-05-10,대전,운영,고객 0495,웹캠,영상 장치,6,118000,708000,결제 확인,정기 주문
REC-000496,2026-05-11,인천,기획,고객 0496,기계식 키보드,입력 장치,13,149000,1937000,처리 중,세금계산서 발행
REC-000497,2026-05-12,광주,운영,고객 0497,모니터 암,사무 용품,20,99000,1980000,배송 준비,정기 주문
REC-000498,2026-05-13,대구,기획,고객 0498,무선 마우스,입력 장치,7,59000,413000,배송 완료,정기 주문
REC-000499,2026-05-14,울산,운영,고객 0499,휴대용 SSD,저장 장치,14,179000,2506000,반품 검토,정기 주문
REC-000500,2026-05-15,세종,기획,고객 0500,헤드셋,음향 장치,1,129000,129000,결제 확인,"분기 마감 주문, 담당자 ""재확인"" 필요"
REC-000501,2026-05-16,경기,운영,고객 0501,무선 키보드,입력 장치,8,89000,712000,처리 중,정기 주문
REC-000502,2026-05-17,강원,기획,고객 0502,27인치 모니터,디스플레이,15,329000,4935000,배송 준비,정기 주문
REC-000503,2026-05-18,충북,운영,고객 0503,USB-C 허브,주변 기기,2,49000,98000,배송 완료,정기 주문
REC-000504,2026-05-19,제주,기획,고객 0504,노트북 거치대,사무 용품,9,67000,603000,반품 검토,정기 주문
REC-000505,2026-05-20,서울,운영,고객 0505,웹캠,영상 장치,16,118000,1888000,결제 확인,정기 주문
REC-000506,2026-05-21,부산,기획,고객 0506,기계식 키보드,입력 장치,3,149000,447000,처리 중,정기 주문
REC-000507,2026-05-22,대전,운영,고객 0507,모니터 암,사무 용품,10,99000,990000,배송 준비,정기 주문
REC-000508,2026-05-23,인천,기획,고객 0508,무선 마우스,입력 장치,17,59000,1003000,배송 완료,정기 주문
REC-000509,2026-05-24,광주,운영,고객 0509,휴대용 SSD,저장 장치,4,179000,716000,반품 검토,정기 주문
REC-000510,2026-05-25,대구,기획,고객 0510,헤드셋,음향 장치,11,129000,1419000,결제 확인,정기 주문
REC-000511,2026-05-26,울산,운영,고객 0511,무선 키보드,입력 장치,18,89000,1602000,처리 중,정기 주문
REC-000512,2026-05-27,세종,기획,고객 0512,27인치 모니터,디스플레이,5,329000,1645000,배송 준비,정기 주문
REC-000513,2026-05-28,경기,운영,고객 0513,USB-C 허브,주변 기기,12,49000,588000,배송 완료,정기 주문
REC-000514,2026-05-29,강원,기획,고객 0514,노트북 거치대,사무 용품,19,67000,1273000,반품 검토,정기 주문
REC-000515,2026-05-30,충북,운영,고객 0515,웹캠,영상 장치,6,118000,708000,결제 확인,정기 주문
REC-000516,2026-05-31,제주,기획,고객 0516,기계식 키보드,입력 장치,13,149000,1937000,처리 중,정기 주문
REC-000517,2026-06-01,서울,운영,고객 0517,모니터 암,사무 용품,20,99000,1980000,배송 준비,정기 주문
REC-000518,2026-06-02,부산,기획,고객 0518,무선 마우스,입력 장치,7,59000,413000,배송 완료,정기 주문
REC-000519,2026-06-03,대전,운영,고객 0519,휴대용 SSD,저장 장치,14,179000,2506000,반품 검토,정기 주문
REC-000520,2026-06-04,인천,기획,고객 0520,헤드셋,음향 장치,1,129000,129000,결제 확인,정기 주문
REC-000521,2026-06-05,광주,운영,고객 0521,무선 키보드,입력 장치,8,89000,712000,처리 중,정기 주문
REC-000522,2026-06-06,대구,기획,고객 0522,27인치 모니터,디스플레이,15,329000,4935000,배송 준비,정기 주문
REC-000523,2026-06-07,울산,운영,고객 0523,USB-C 허브,주변 기기,2,49000,98000,배송 완료,정기 주문
REC-000524,2026-06-08,세종,기획,고객 0524,노트북 거치대,사무 용품,9,67000,603000,반품 검토,정기 주문
REC-000525,2026-06-09,경기,운영,고객 0525,웹캠,영상 장치,16,118000,1888000,결제 확인,정기 주문
REC-000526,2026-06-10,강원,기획,고객 0526,기계식 키보드,입력 장치,3,149000,447000,처리 중,정기 주문
REC-000527,2026-06-11,충북,운영,고객 0527,모니터 암,사무 용품,10,99000,990000,배송 준비,세금계산서 발행
REC-000528,2026-06-12,제주,기획,고객 0528,무선 마우스,입력 장치,17,59000,1003000,배송 완료,정기 주문
REC-000529,2026-06-13,서울,운영,고객 0529,휴대용 SSD,저장 장치,4,179000,716000,반품 검토,정기 주문
REC-000530,2026-06-14,부산,기획,고객 0530,헤드셋,음향 장치,11,129000,1419000,결제 확인,정기 주문
REC-000531,2026-06-15,대전,운영,고객 0531,무선 키보드,입력 장치,18,89000,1602000,처리 중,정기 주문
REC-000532,2026-06-16,인천,기획,고객 0532,27인치 모니터,디스플레이,5,329000,1645000,배송 준비,정기 주문
REC-000533,2026-06-17,광주,운영,고객 0533,USB-C 허브,주변 기기,12,49000,588000,배송 완료,정기 주문
REC-000534,2026-06-18,대구,기획,고객 0534,노트북 거치대,사무 용품,19,67000,1273000,반품 검토,정기 주문
REC-000535,2026-06-19,울산,운영,고객 0535,웹캠,영상 장치,6,118000,708000,결제 확인,정기 주문
REC-000536,2026-06-20,세종,기획,고객 0536,기계식 키보드,입력 장치,13,149000,1937000,처리 중,정기 주문
REC-000537,2026-06-21,경기,운영,고객 0537,모니터 암,사무 용품,20,99000,1980000,배송 준비,정기 주문
REC-000538,2026-06-22,강원,기획,고객 0538,무선 마우스,입력 장치,7,59000,413000,배송 완료,정기 주문
REC-000539,2026-06-23,충북,운영,고객 0539,휴대용 SSD,저장 장치,14,179000,2506000,반품 검토,정기 주문
REC-000540,2026-06-24,제주,기획,고객 0540,헤드셋,음향 장치,1,129000,129000,결제 확인,정기 주문
REC-000541,2025-01-01,서울,운영,고객 0541,무선 키보드,입력 장치,8,89000,712000,처리 중,정기 주문
REC-000542,2025-01-02,부산,기획,고객 0542,27인치 모니터,디스플레이,15,329000,4935000,배송 준비,정기 주문
REC-000543,2025-01-03,대전,운영,고객 0543,USB-C 허브,주변 기기,2,49000,98000,배송 완료,정기 주문
REC-000544,2025-01-04,인천,기획,고객 0544,노트북 거치대,사무 용품,9,67000,603000,반품 검토,정기 주문
REC-000545,2025-01-05,광주,운영,고객 0545,웹캠,영상 장치,16,118000,1888000,결제 확인,정기 주문
REC-000546,2025-01-06,대구,기획,고객 0546,기계식 키보드,입력 장치,3,149000,447000,처리 중,정기 주문
REC-000547,2025-01-07,울산,운영,고객 0547,모니터 암,사무 용품,10,99000,990000,배송 준비,정기 주문
REC-000548,2025-01-08,세종,기획,고객 0548,무선 마우스,입력 장치,17,59000,1003000,배송 완료,정기 주문
REC-000549,2025-01-09,경기,운영,고객 0549,휴대용 SSD,저장 장치,4,179000,716000,반품 검토,정기 주문
REC-000550,2025-01-10,강원,기획,고객 0550,헤드셋,음향 장치,11,129000,1419000,결제 확인,정기 주문
REC-000551,2025-01-11,충북,운영,고객 0551,무선 키보드,입력 장치,18,89000,1602000,처리 중,정기 주문
REC-000552,2025-01-12,제주,기획,고객 0552,27인치 모니터,디스플레이,5,329000,1645000,배송 준비,정기 주문
REC-000553,2025-01-13,서울,운영,고객 0553,USB-C 허브,주변 기기,12,49000,588000,배송 완료,정기 주문
REC-000554,2025-01-14,부산,기획,고객 0554,노트북 거치대,사무 용품,19,67000,1273000,반품 검토,정기 주문
REC-000555,2025-01-15,대전,운영,고객 0555,웹캠,영상 장치,6,118000,708000,결제 확인,정기 주문
REC-000556,2025-01-16,인천,기획,고객 0556,기계식 키보드,입력 장치,13,149000,1937000,처리 중,정기 주문
REC-000557,2025-01-17,광주,운영,고객 0557,모니터 암,사무 용품,20,99000,1980000,배송 준비,정기 주문
REC-000558,2025-01-18,대구,기획,고객 0558,무선 마우스,입력 장치,7,59000,413000,배송 완료,세금계산서 발행
REC-000559,2025-01-19,울산,운영,고객 0559,휴대용 SSD,저장 장치,14,179000,2506000,반품 검토,정기 주문
REC-000560,2025-01-20,세종,기획,고객 0560,헤드셋,음향 장치,1,129000,129000,결제 확인,정기 주문
REC-000561,2025-01-21,경기,운영,고객 0561,무선 키보드,입력 장치,8,89000,712000,처리 중,정기 주문
REC-000562,2025-01-22,강원,기획,고객 0562,27인치 모니터,디스플레이,15,329000,4935000,배송 준비,정기 주문
REC-000563,2025-01-23,충북,운영,고객 0563,USB-C 허브,주변 기기,2,49000,98000,배송 완료,정기 주문
REC-000564,2025-01-24,제주,기획,고객 0564,노트북 거치대,사무 용품,9,67000,603000,반품 검토,정기 주문
REC-000565,2025-01-25,서울,운영,고객 0565,웹캠,영상 장치,16,118000,1888000,결제 확인,정기 주문
REC-000566,2025-01-26,부산,기획,고객 0566,기계식 키보드,입력 장치,3,149000,447000,처리 중,정기 주문
REC-000567,2025-01-27,대전,운영,고객 0567,모니터 암,사무 용품,10,99000,990000,배송 준비,정기 주문
REC-000568,2025-01-28,인천,기획,고객 0568,무선 마우스,입력 장치,17,59000,1003000,배송 완료,정기 주문
REC-000569,2025-01-29,광주,운영,고객 0569,휴대용 SSD,저장 장치,4,179000,716000,반품 검토,정기 주문
REC-000570,2025-01-30,대구,기획,고객 0570,헤드셋,음향 장치,11,129000,1419000,결제 확인,정기 주문
REC-000571,2025-01-31,울산,운영,고객 0571,무선 키보드,입력 장치,18,89000,1602000,처리 중,정기 주문
REC-000572,2025-02-01,세종,기획,고객 0572,27인치 모니터,디스플레이,5,329000,1645000,배송 준비,정기 주문
REC-000573,2025-02-02,경기,운영,고객 0573,USB-C 허브,주변 기기,12,49000,588000,배송 완료,정기 주문
REC-000574,2025-02-03,강원,기획,고객 0574,노트북 거치대,사무 용품,19,67000,1273000,반품 검토,정기 주문
REC-000575,2025-02-04,충북,운영,고객 0575,웹캠,영상 장치,6,118000,708000,결제 확인,정기 주문
REC-000576,2025-02-05,제주,기획,고객 0576,기계식 키보드,입력 장치,13,149000,1937000,처리 중,정기 주문
REC-000577,2025-02-06,서울,운영,고객 0577,모니터 암,사무 용품,20,99000,1980000,배송 준비,정기 주문
REC-000578,2025-02-07,부산,기획,고객 0578,무선 마우스,입력 장치,7,59000,413000,배송 완료,정기 주문
REC-000579,2025-02-08,대전,운영,고객 0579,휴대용 SSD,저장 장치,14,179000,2506000,반품 검토,정기 주문
REC-000580,2025-02-09,인천,기획,고객 0580,헤드셋,음향 장치,1,129000,129000,결제 확인,정기 주문
REC-000581,2025-02-10,광주,운영,고객 0581,무선 키보드,입력 장치,8,89000,712000,처리 중,정기 주문
REC-000582,2025-02-11,대구,기획,고객 0582,27인치 모니터,디스플레이,15,329000,4935000,배송 준비,"우선 처리, 오전 출고"
REC-000583,2025-02-12,울산,운영,고객 0583,USB-C 허브,주변 기기,2,49000,98000,배송 완료,정기 주문
REC-000584,2025-02-13,세종,기획,고객 0584,노트북 거치대,사무 용품,9,67000,603000,반품 검토,정기 주문
REC-000585,2025-02-14,경기,운영,고객 0585,웹캠,영상 장치,16,118000,1888000,결제 확인,정기 주문
REC-000586,2025-02-15,강원,기획,고객 0586,기계식 키보드,입력 장치,3,149000,447000,처리 중,정기 주문
REC-000587,2025-02-16,충북,운영,고객 0587,모니터 암,사무 용품,10,99000,990000,배송 준비,정기 주문
REC-000588,2025-02-17,제주,기획,고객 0588,무선 마우스,입력 장치,17,59000,1003000,배송 완료,정기 주문
REC-000589,2025-02-18,서울,운영,고객 0589,휴대용 SSD,저장 장치,4,179000,716000,반품 검토,세금계산서 발행
REC-000590,2025-02-19,부산,기획,고객 0590,헤드셋,음향 장치,11,129000,1419000,결제 확인,정기 주문
REC-000591,2025-02-20,대전,운영,고객 0591,무선 키보드,입력 장치,18,89000,1602000,처리 중,정기 주문
REC-000592,2025-02-21,인천,기획,고객 0592,27인치 모니터,디스플레이,5,329000,1645000,배송 준비,정기 주문
REC-000593,2025-02-22,광주,운영,고객 0593,USB-C 허브,주변 기기,12,49000,588000,배송 완료,정기 주문
REC-000594,2025-02-23,대구,기획,고객 0594,노트북 거치대,사무 용품,19,67000,1273000,반품 검토,정기 주문
REC-000595,2025-02-24,울산,운영,고객 0595,웹캠,영상 장치,6,118000,708000,결제 확인,정기 주문
REC-000596,2025-02-25,세종,기획,고객 0596,기계식 키보드,입력 장치,13,149000,1937000,처리 중,정기 주문
REC-000597,2025-02-26,경기,운영,고객 0597,모니터 암,사무 용품,20,99000,1980000,배송 준비,정기 주문
REC-000598,2025-02-27,강원,기획,고객 0598,무선 마우스,입력 장치,7,59000,413000,배송 완료,정기 주문
REC-000599,2025-02-28,충북,운영,고객 0599,휴대용 SSD,저장 장치,14,179000,2506000,반품 검토,정기 주문
REC-000600,2025-03-01,제주,기획,고객 0600,헤드셋,음향 장치,1,129000,129000,결제 확인,정기 주문
REC-000601,2025-03-02,서울,운영,고객 0601,무선 키보드,입력 장치,8,89000,712000,처리 중,정기 주문
REC-000602,2025-03-03,부산,기획,고객 0602,27인치 모니터,디스플레이,15,329000,4935000,배송 준비,정기 주문
REC-000603,2025-03-04,대전,운영,고객 0603,USB-C 허브,주변 기기,2,49000,98000,배송 완료,정기 주문
REC-000604,2025-03-05,인천,기획,고객 0604,노트북 거치대,사무 용품,9,67000,603000,반품 검토,정기 주문
REC-000605,2025-03-06,광주,운영,고객 0605,웹캠,영상 장치,16,118000,1888000,결제 확인,정기 주문
REC-000606,2025-03-07,대구,기획,고객 0606,기계식 키보드,입력 장치,3,149000,447000,처리 중,정기 주문
REC-000607,2025-03-08,울산,운영,고객 0607,모니터 암,사무 용품,10,99000,990000,배송 준비,정기 주문
REC-000608,2025-03-09,세종,기획,고객 0608,무선 마우스,입력 장치,17,59000,1003000,배송 완료,정기 주문
REC-000609,2025-03-10,경기,운영,고객 0609,휴대용 SSD,저장 장치,4,179000,716000,반품 검토,정기 주문
REC-000610,2025-03-11,강원,기획,고객 0610,헤드셋,음향 장치,11,129000,1419000,결제 확인,정기 주문
REC-000611,2025-03-12,충북,운영,고객 0611,무선 키보드,입력 장치,18,89000,1602000,처리 중,정기 주문
REC-000612,2025-03-13,제주,기획,고객 0612,27인치 모니터,디스플레이,5,329000,1645000,배송 준비,정기 주문
REC-000613,2025-03-14,서울,운영,고객 0613,USB-C 허브,주변 기기,12,49000,588000,배송 완료,정기 주문
REC-000614,2025-03-15,부산,기획,고객 0614,노트북 거치대,사무 용품,19,67000,1273000,반품 검토,정기 주문
REC-000615,2025-03-16,대전,운영,고객 0615,웹캠,영상 장치,6,118000,708000,결제 확인,정기 주문
REC-000616,2025-03-17,인천,기획,고객 0616,기계식 키보드,입력 장치,13,149000,1937000,처리 중,정기 주문
REC-000617,2025-03-18,광주,운영,고객 0617,모니터 암,사무 용품,20,99000,1980000,배송 준비,정기 주문
REC-000618,2025-03-19,대구,기획,고객 0618,무선 마우스,입력 장치,7,59000,413000,배송 완료,정기 주문
REC-000619,2025-03-20,울산,운영,고객 0619,휴대용 SSD,저장 장치,14,179000,2506000,반품 검토,정기 주문
REC-000620,2025-03-21,세종,기획,고객 0620,헤드셋,음향 장치,1,129000,129000,결제 확인,세금계산서 발행
REC-000621,2025-03-22,경기,운영,고객 0621,무선 키보드,입력 장치,8,89000,712000,처리 중,정기 주문
REC-000622,2025-03-23,강원,기획,고객 0622,27인치 모니터,디스플레이,15,329000,4935000,배송 준비,정기 주문
REC-000623,2025-03-24,충북,운영,고객 0623,USB-C 허브,주변 기기,2,49000,98000,배송 완료,정기 주문
REC-000624,2025-03-25,제주,기획,고객 0624,노트북 거치대,사무 용품,9,67000,603000,반품 검토,정기 주문
REC-000625,2025-03-26,서울,운영,고객 0625,웹캠,영상 장치,16,118000,1888000,결제 확인,정기 주문
REC-000626,2025-03-27,부산,기획,고객 0626,기계식 키보드,입력 장치,3,149000,447000,처리 중,정기 주문
REC-000627,2025-03-28,대전,운영,고객 0627,모니터 암,사무 용품,10,99000,990000,배송 준비,정기 주문
REC-000628,2025-03-29,인천,기획,고객 0628,무선 마우스,입력 장치,17,59000,1003000,배송 완료,정기 주문
REC-000629,2025-03-30,광주,운영,고객 0629,휴대용 SSD,저장 장치,4,179000,716000,반품 검토,정기 주문
REC-000630,2025-03-31,대구,기획,고객 0630,헤드셋,음향 장치,11,129000,1419000,결제 확인,정기 주문
REC-000631,2025-04-01,울산,운영,고객 0631,무선 키보드,입력 장치,18,89000,1602000,처리 중,정기 주문
REC-000632,2025-04-02,세종,기획,고객 0632,27인치 모니터,디스플레이,5,329000,1645000,배송 준비,정기 주문
REC-000633,2025-04-03,경기,운영,고객 0633,USB-C 허브,주변 기기,12,49000,588000,배송 완료,정기 주문
REC-000634,2025-04-04,강원,기획,고객 0634,노트북 거치대,사무 용품,19,67000,1273000,반품 검토,정기 주문
REC-000635,2025-04-05,충북,운영,고객 0635,웹캠,영상 장치,6,118000,708000,결제 확인,정기 주문
REC-000636,2025-04-06,제주,기획,고객 0636,기계식 키보드,입력 장치,13,149000,1937000,처리 중,정기 주문
REC-000637,2025-04-07,서울,운영,고객 0637,모니터 암,사무 용품,20,99000,1980000,배송 준비,정기 주문
REC-000638,2025-04-08,부산,기획,고객 0638,무선 마우스,입력 장치,7,59000,413000,배송 완료,정기 주문
REC-000639,2025-04-09,대전,운영,고객 0639,휴대용 SSD,저장 장치,14,179000,2506000,반품 검토,정기 주문
REC-000640,2025-04-10,인천,기획,고객 0640,헤드셋,음향 장치,1,129000,129000,결제 확인,정기 주문
REC-000641,2025-04-11,광주,운영,고객 0641,무선 키보드,입력 장치,8,89000,712000,처리 중,정기 주문
REC-000642,2025-04-12,대구,기획,고객 0642,27인치 모니터,디스플레이,15,329000,4935000,배송 준비,정기 주문
REC-000643,2025-04-13,울산,운영,고객 0643,USB-C 허브,주변 기기,2,49000,98000,배송 완료,정기 주문
REC-000644,2025-04-14,세종,기획,고객 0644,노트북 거치대,사무 용품,9,67000,603000,반품 검토,정기 주문
REC-000645,2025-04-15,경기,운영,고객 0645,웹캠,영상 장치,16,118000,1888000,결제 확인,정기 주문
REC-000646,2025-04-16,강원,기획,고객 0646,기계식 키보드,입력 장치,3,149000,447000,처리 중,정기 주문
REC-000647,2025-04-17,충북,운영,고객 0647,모니터 암,사무 용품,10,99000,990000,배송 준비,정기 주문
REC-000648,2025-04-18,제주,기획,고객 0648,무선 마우스,입력 장치,17,59000,1003000,배송 완료,정기 주문
REC-000649,2025-04-19,서울,운영,고객 0649,휴대용 SSD,저장 장치,4,179000,716000,반품 검토,정기 주문
REC-000650,2025-04-20,부산,기획,고객 0650,헤드셋,음향 장치,11,129000,1419000,결제 확인,정기 주문
REC-000651,2025-04-21,대전,운영,고객 0651,무선 키보드,입력 장치,18,89000,1602000,처리 중,세금계산서 발행
REC-000652,2025-04-22,인천,기획,고객 0652,27인치 모니터,디스플레이,5,329000,1645000,배송 준비,정기 주문
REC-000653,2025-04-23,광주,운영,고객 0653,USB-C 허브,주변 기기,12,49000,588000,배송 완료,정기 주문
REC-000654,2025-04-24,대구,기획,고객 0654,노트북 거치대,사무 용품,19,67000,1273000,반품 검토,정기 주문
REC-000655,2025-04-25,울산,운영,고객 0655,웹캠,영상 장치,6,118000,708000,결제 확인,정기 주문
REC-000656,2025-04-26,세종,기획,고객 0656,기계식 키보드,입력 장치,13,149000,1937000,처리 중,정기 주문
REC-000657,2025-04-27,경기,운영,고객 0657,모니터 암,사무 용품,20,99000,1980000,배송 준비,정기 주문
REC-000658,2025-04-28,강원,기획,고객 0658,무선 마우스,입력 장치,7,59000,413000,배송 완료,정기 주문
REC-000659,2025-04-29,충북,운영,고객 0659,휴대용 SSD,저장 장치,14,179000,2506000,반품 검토,정기 주문
REC-000660,2025-04-30,제주,기획,고객 0660,헤드셋,음향 장치,1,129000,129000,결제 확인,정기 주문
REC-000661,2025-05-01,서울,운영,고객 0661,무선 키보드,입력 장치,8,89000,712000,처리 중,정기 주문
REC-000662,2025-05-02,부산,기획,고객 0662,27인치 모니터,디스플레이,15,329000,4935000,배송 준비,정기 주문
REC-000663,2025-05-03,대전,운영,고객 0663,USB-C 허브,주변 기기,2,49000,98000,배송 완료,정기 주문
REC-000664,2025-05-04,인천,기획,고객 0664,노트북 거치대,사무 용품,9,67000,603000,반품 검토,정기 주문
REC-000665,2025-05-05,광주,운영,고객 0665,웹캠,영상 장치,16,118000,1888000,결제 확인,정기 주문
REC-000666,2025-05-06,대구,기획,고객 0666,기계식 키보드,입력 장치,3,149000,447000,처리 중,정기 주문
REC-000667,2025-05-07,울산,운영,고객 0667,모니터 암,사무 용품,10,99000,990000,배송 준비,정기 주문
REC-000668,2025-05-08,세종,기획,고객 0668,무선 마우스,입력 장치,17,59000,1003000,배송 완료,정기 주문
REC-000669,2025-05-09,경기,운영,고객 0669,휴대용 SSD,저장 장치,4,179000,716000,반품 검토,정기 주문
REC-000670,2025-05-10,강원,기획,고객 0670,헤드셋,음향 장치,11,129000,1419000,결제 확인,정기 주문
REC-000671,2025-05-11,충북,운영,고객 0671,무선 키보드,입력 장치,18,89000,1602000,처리 중,정기 주문
REC-000672,2025-05-12,제주,기획,고객 0672,27인치 모니터,디스플레이,5,329000,1645000,배송 준비,정기 주문
REC-000673,2025-05-13,서울,운영,고객 0673,USB-C 허브,주변 기기,12,49000,588000,배송 완료,정기 주문
REC-000674,2025-05-14,부산,기획,고객 0674,노트북 거치대,사무 용품,19,67000,1273000,반품 검토,정기 주문
REC-000675,2025-05-15,대전,운영,고객 0675,웹캠,영상 장치,6,118000,708000,결제 확인,정기 주문
REC-000676,2025-05-16,인천,기획,고객 0676,기계식 키보드,입력 장치,13,149000,1937000,처리 중,정기 주문
REC-000677,2025-05-17,광주,운영,고객 0677,모니터 암,사무 용품,20,99000,1980000,배송 준비,정기 주문
REC-000678,2025-05-18,대구,기획,고객 0678,무선 마우스,입력 장치,7,59000,413000,배송 완료,정기 주문
REC-000679,2025-05-19,울산,운영,고객 0679,휴대용 SSD,저장 장치,14,179000,2506000,반품 검토,"우선 처리, 오전 출고"
REC-000680,2025-05-20,세종,기획,고객 0680,헤드셋,음향 장치,1,129000,129000,결제 확인,정기 주문
REC-000681,2025-05-21,경기,운영,고객 0681,무선 키보드,입력 장치,8,89000,712000,처리 중,정기 주문
REC-000682,2025-05-22,강원,기획,고객 0682,27인치 모니터,디스플레이,15,329000,4935000,배송 준비,세금계산서 발행
REC-000683,2025-05-23,충북,운영,고객 0683,USB-C 허브,주변 기기,2,49000,98000,배송 완료,정기 주문
REC-000684,2025-05-24,제주,기획,고객 0684,노트북 거치대,사무 용품,9,67000,603000,반품 검토,정기 주문
REC-000685,2025-05-25,서울,운영,고객 0685,웹캠,영상 장치,16,118000,1888000,결제 확인,정기 주문
REC-000686,2025-05-26,부산,기획,고객 0686,기계식 키보드,입력 장치,3,149000,447000,처리 중,정기 주문
REC-000687,2025-05-27,대전,운영,고객 0687,모니터 암,사무 용품,10,99000,990000,배송 준비,정기 주문
REC-000688,2025-05-28,인천,기획,고객 0688,무선 마우스,입력 장치,17,59000,1003000,배송 완료,정기 주문
REC-000689,2025-05-29,광주,운영,고객 0689,휴대용 SSD,저장 장치,4,179000,716000,반품 검토,정기 주문
REC-000690,2025-05-30,대구,기획,고객 0690,헤드셋,음향 장치,11,129000,1419000,결제 확인,정기 주문
REC-000691,2025-05-31,울산,운영,고객 0691,무선 키보드,입력 장치,18,89000,1602000,처리 중,정기 주문
REC-000692,2025-06-01,세종,기획,고객 0692,27인치 모니터,디스플레이,5,329000,1645000,배송 준비,정기 주문
REC-000693,2025-06-02,경기,운영,고객 0693,USB-C 허브,주변 기기,12,49000,588000,배송 완료,정기 주문
REC-000694,2025-06-03,강원,기획,고객 0694,노트북 거치대,사무 용품,19,67000,1273000,반품 검토,정기 주문
REC-000695,2025-06-04,충북,운영,고객 0695,웹캠,영상 장치,6,118000,708000,결제 확인,정기 주문
REC-000696,2025-06-05,제주,기획,고객 0696,기계식 키보드,입력 장치,13,149000,1937000,처리 중,정기 주문
REC-000697,2025-06-06,서울,운영,고객 0697,모니터 암,사무 용품,20,99000,1980000,배송 준비,정기 주문
REC-000698,2025-06-07,부산,기획,고객 0698,무선 마우스,입력 장치,7,59000,413000,배송 완료,정기 주문
REC-000699,2025-06-08,대전,운영,고객 0699,휴대용 SSD,저장 장치,14,179000,2506000,반품 검토,정기 주문
REC-000700,2025-06-09,인천,기획,고객 0700,헤드셋,음향 장치,1,129000,129000,결제 확인,정기 주문
REC-000701,2025-06-10,광주,운영,고객 0701,무선 키보드,입력 장치,8,89000,712000,처리 중,정기 주문
REC-000702,2025-06-11,대구,기획,고객 0702,27인치 모니터,디스플레이,15,329000,4935000,배송 준비,정기 주문
REC-000703,2025-06-12,울산,운영,고객 0703,USB-C 허브,주변 기기,2,49000,98000,배송 완료,정기 주문
REC-000704,2025-06-13,세종,기획,고객 0704,노트북 거치대,사무 용품,9,67000,603000,반품 검토,정기 주문
REC-000705,2025-06-14,경기,운영,고객 0705,웹캠,영상 장치,16,118000,1888000,결제 확인,정기 주문
REC-000706,2025-06-15,강원,기획,고객 0706,기계식 키보드,입력 장치,3,149000,447000,처리 중,정기 주문
REC-000707,2025-06-16,충북,운영,고객 0707,모니터 암,사무 용품,10,99000,990000,배송 준비,정기 주문
REC-000708,2025-06-17,제주,기획,고객 0708,무선 마우스,입력 장치,17,59000,1003000,배송 완료,정기 주문
REC-000709,2025-06-18,서울,운영,고객 0709,휴대용 SSD,저장 장치,4,179000,716000,반품 검토,정기 주문
REC-000710,2025-06-19,부산,기획,고객 0710,헤드셋,음향 장치,11,129000,1419000,결제 확인,정기 주문
REC-000711,2025-06-20,대전,운영,고객 0711,무선 키보드,입력 장치,18,89000,1602000,처리 중,정기 주문
REC-000712,2025-06-21,인천,기획,고객 0712,27인치 모니터,디스플레이,5,329000,1645000,배송 준비,정기 주문
REC-000713,2025-06-22,광주,운영,고객 0713,USB-C 허브,주변 기기,12,49000,588000,배송 완료,세금계산서 발행
REC-000714,2025-06-23,대구,기획,고객 0714,노트북 거치대,사무 용품,19,67000,1273000,반품 검토,정기 주문
REC-000715,2025-06-24,울산,운영,고객 0715,웹캠,영상 장치,6,118000,708000,결제 확인,정기 주문
REC-000716,2025-06-25,세종,기획,고객 0716,기계식 키보드,입력 장치,13,149000,1937000,처리 중,정기 주문
REC-000717,2025-06-26,경기,운영,고객 0717,모니터 암,사무 용품,20,99000,1980000,배송 준비,정기 주문
REC-000718,2025-06-27,강원,기획,고객 0718,무선 마우스,입력 장치,7,59000,413000,배송 완료,정기 주문
REC-000719,2025-06-28,충북,운영,고객 0719,휴대용 SSD,저장 장치,14,179000,2506000,반품 검토,정기 주문
REC-000720,2025-06-29,제주,기획,고객 0720,헤드셋,음향 장치,1,129000,129000,결제 확인,정기 주문
REC-000721,2025-06-30,서울,운영,고객 0721,무선 키보드,입력 장치,8,89000,712000,처리 중,정기 주문
REC-000722,2025-07-01,부산,기획,고객 0722,27인치 모니터,디스플레이,15,329000,4935000,배송 준비,정기 주문
REC-000723,2025-07-02,대전,운영,고객 0723,USB-C 허브,주변 기기,2,49000,98000,배송 완료,정기 주문
REC-000724,2025-07-03,인천,기획,고객 0724,노트북 거치대,사무 용품,9,67000,603000,반품 검토,정기 주문
REC-000725,2025-07-04,광주,운영,고객 0725,웹캠,영상 장치,16,118000,1888000,결제 확인,정기 주문
REC-000726,2025-07-05,대구,기획,고객 0726,기계식 키보드,입력 장치,3,149000,447000,처리 중,정기 주문
REC-000727,2025-07-06,울산,운영,고객 0727,모니터 암,사무 용품,10,99000,990000,배송 준비,정기 주문
REC-000728,2025-07-07,세종,기획,고객 0728,무선 마우스,입력 장치,17,59000,1003000,배송 완료,정기 주문
REC-000729,2025-07-08,경기,운영,고객 0729,휴대용 SSD,저장 장치,4,179000,716000,반품 검토,정기 주문
REC-000730,2025-07-09,강원,기획,고객 0730,헤드셋,음향 장치,11,129000,1419000,결제 확인,정기 주문
REC-000731,2025-07-10,충북,운영,고객 0731,무선 키보드,입력 장치,18,89000,1602000,처리 중,정기 주문
REC-000732,2025-07-11,제주,기획,고객 0732,27인치 모니터,디스플레이,5,329000,1645000,배송 준비,정기 주문
REC-000733,2025-07-12,서울,운영,고객 0733,USB-C 허브,주변 기기,12,49000,588000,배송 완료,정기 주문
REC-000734,2025-07-13,부산,기획,고객 0734,노트북 거치대,사무 용품,19,67000,1273000,반품 검토,정기 주문
REC-000735,2025-07-14,대전,운영,고객 0735,웹캠,영상 장치,6,118000,708000,결제 확인,정기 주문
REC-000736,2025-07-15,인천,기획,고객 0736,기계식 키보드,입력 장치,13,149000,1937000,처리 중,정기 주문
REC-000737,2025-07-16,광주,운영,고객 0737,모니터 암,사무 용품,20,99000,1980000,배송 준비,정기 주문
REC-000738,2025-07-17,대구,기획,고객 0738,무선 마우스,입력 장치,7,59000,413000,배송 완료,정기 주문
REC-000739,2025-07-18,울산,운영,고객 0739,휴대용 SSD,저장 장치,14,179000,2506000,반품 검토,정기 주문
REC-000740,2025-07-19,세종,기획,고객 0740,헤드셋,음향 장치,1,129000,129000,결제 확인,정기 주문
REC-000741,2025-07-20,경기,운영,고객 0741,무선 키보드,입력 장치,8,89000,712000,처리 중,정기 주문
REC-000742,2025-07-21,강원,기획,고객 0742,27인치 모니터,디스플레이,15,329000,4935000,배송 준비,정기 주문
REC-000743,2025-07-22,충북,운영,고객 0743,USB-C 허브,주변 기기,2,49000,98000,배송 완료,정기 주문
REC-000744,2025-07-23,제주,기획,고객 0744,노트북 거치대,사무 용품,9,67000,603000,반품 검토,세금계산서 발행
REC-000745,2025-07-24,서울,운영,고객 0745,웹캠,영상 장치,16,118000,1888000,결제 확인,정기 주문
REC-000746,2025-07-25,부산,기획,고객 0746,기계식 키보드,입력 장치,3,149000,447000,처리 중,정기 주문
REC-000747,2025-07-26,대전,운영,고객 0747,모니터 암,사무 용품,10,99000,990000,배송 준비,정기 주문
REC-000748,2025-07-27,인천,기획,고객 0748,무선 마우스,입력 장치,17,59000,1003000,배송 완료,정기 주문
REC-000749,2025-07-28,광주,운영,고객 0749,휴대용 SSD,저장 장치,4,179000,716000,반품 검토,정기 주문
REC-000750,2025-07-29,대구,기획,고객 0750,헤드셋,음향 장치,11,129000,1419000,결제 확인,"분기 마감 주문, 담당자 ""재확인"" 필요"
REC-000751,2025-07-30,울산,운영,고객 0751,무선 키보드,입력 장치,18,89000,1602000,처리 중,정기 주문
REC-000752,2025-07-31,세종,기획,고객 0752,27인치 모니터,디스플레이,5,329000,1645000,배송 준비,정기 주문
REC-000753,2025-08-01,경기,운영,고객 0753,USB-C 허브,주변 기기,12,49000,588000,배송 완료,정기 주문
REC-000754,2025-08-02,강원,기획,고객 0754,노트북 거치대,사무 용품,19,67000,1273000,반품 검토,정기 주문
REC-000755,2025-08-03,충북,운영,고객 0755,웹캠,영상 장치,6,118000,708000,결제 확인,정기 주문
REC-000756,2025-08-04,제주,기획,고객 0756,기계식 키보드,입력 장치,13,149000,1937000,처리 중,정기 주문
REC-000757,2025-08-05,서울,운영,고객 0757,모니터 암,사무 용품,20,99000,1980000,배송 준비,정기 주문
REC-000758,2025-08-06,부산,기획,고객 0758,무선 마우스,입력 장치,7,59000,413000,배송 완료,정기 주문
REC-000759,2025-08-07,대전,운영,고객 0759,휴대용 SSD,저장 장치,14,179000,2506000,반품 검토,정기 주문
REC-000760,2025-08-08,인천,기획,고객 0760,헤드셋,음향 장치,1,129000,129000,결제 확인,정기 주문
REC-000761,2025-08-09,광주,운영,고객 0761,무선 키보드,입력 장치,8,89000,712000,처리 중,정기 주문
REC-000762,2025-08-10,대구,기획,고객 0762,27인치 모니터,디스플레이,15,329000,4935000,배송 준비,정기 주문
REC-000763,2025-08-11,울산,운영,고객 0763,USB-C 허브,주변 기기,2,49000,98000,배송 완료,정기 주문
REC-000764,2025-08-12,세종,기획,고객 0764,노트북 거치대,사무 용품,9,67000,603000,반품 검토,정기 주문
REC-000765,2025-08-13,경기,운영,고객 0765,웹캠,영상 장치,16,118000,1888000,결제 확인,정기 주문
REC-000766,2025-08-14,강원,기획,고객 0766,기계식 키보드,입력 장치,3,149000,447000,처리 중,정기 주문
REC-000767,2025-08-15,충북,운영,고객 0767,모니터 암,사무 용품,10,99000,990000,배송 준비,정기 주문
REC-000768,2025-08-16,제주,기획,고객 0768,무선 마우스,입력 장치,17,59000,1003000,배송 완료,정기 주문
REC-000769,2025-08-17,서울,운영,고객 0769,휴대용 SSD,저장 장치,4,179000,716000,반품 검토,정기 주문
REC-000770,2025-08-18,부산,기획,고객 0770,헤드셋,음향 장치,11,129000,1419000,결제 확인,정기 주문
REC-000771,2025-08-19,대전,운영,고객 0771,무선 키보드,입력 장치,18,89000,1602000,처리 중,정기 주문
REC-000772,2025-08-20,인천,기획,고객 0772,27인치 모니터,디스플레이,5,329000,1645000,배송 준비,정기 주문
REC-000773,2025-08-21,광주,운영,고객 0773,USB-C 허브,주변 기기,12,49000,588000,배송 완료,정기 주문
REC-000774,2025-08-22,대구,기획,고객 0774,노트북 거치대,사무 용품,19,67000,1273000,반품 검토,정기 주문
REC-000775,2025-08-23,울산,운영,고객 0775,웹캠,영상 장치,6,118000,708000,결제 확인,세금계산서 발행
REC-000776,2025-08-24,세종,기획,고객 0776,기계식 키보드,입력 장치,13,149000,1937000,처리 중,"우선 처리, 오전 출고"
REC-000777,2025-08-25,경기,운영,고객 0777,모니터 암,사무 용품,20,99000,1980000,배송 준비,정기 주문
REC-000778,2025-08-26,강원,기획,고객 0778,무선 마우스,입력 장치,7,59000,413000,배송 완료,정기 주문
REC-000779,2025-08-27,충북,운영,고객 0779,휴대용 SSD,저장 장치,14,179000,2506000,반품 검토,정기 주문
REC-000780,2025-08-28,제주,기획,고객 0780,헤드셋,음향 장치,1,129000,129000,결제 확인,정기 주문
REC-000781,2025-08-29,서울,운영,고객 0781,무선 키보드,입력 장치,8,89000,712000,처리 중,정기 주문
REC-000782,2025-08-30,부산,기획,고객 0782,27인치 모니터,디스플레이,15,329000,4935000,배송 준비,정기 주문
REC-000783,2025-08-31,대전,운영,고객 0783,USB-C 허브,주변 기기,2,49000,98000,배송 완료,정기 주문
REC-000784,2025-09-01,인천,기획,고객 0784,노트북 거치대,사무 용품,9,67000,603000,반품 검토,정기 주문
REC-000785,2025-09-02,광주,운영,고객 0785,웹캠,영상 장치,16,118000,1888000,결제 확인,정기 주문
REC-000786,2025-09-03,대구,기획,고객 0786,기계식 키보드,입력 장치,3,149000,447000,처리 중,정기 주문
REC-000787,2025-09-04,울산,운영,고객 0787,모니터 암,사무 용품,10,99000,990000,배송 준비,정기 주문
REC-000788,2025-09-05,세종,기획,고객 0788,무선 마우스,입력 장치,17,59000,1003000,배송 완료,정기 주문
REC-000789,2025-09-06,경기,운영,고객 0789,휴대용 SSD,저장 장치,4,179000,716000,반품 검토,정기 주문
REC-000790,2025-09-07,강원,기획,고객 0790,헤드셋,음향 장치,11,129000,1419000,결제 확인,정기 주문
REC-000791,2025-09-08,충북,운영,고객 0791,무선 키보드,입력 장치,18,89000,1602000,처리 중,정기 주문
REC-000792,2025-09-09,제주,기획,고객 0792,27인치 모니터,디스플레이,5,329000,1645000,배송 준비,정기 주문
REC-000793,2025-09-10,서울,운영,고객 0793,USB-C 허브,주변 기기,12,49000,588000,배송 완료,정기 주문
REC-000794,2025-09-11,부산,기획,고객 0794,노트북 거치대,사무 용품,19,67000,1273000,반품 검토,정기 주문
REC-000795,2025-09-12,대전,운영,고객 0795,웹캠,영상 장치,6,118000,708000,결제 확인,정기 주문
REC-000796,2025-09-13,인천,기획,고객 0796,기계식 키보드,입력 장치,13,149000,1937000,처리 중,정기 주문
REC-000797,2025-09-14,광주,운영,고객 0797,모니터 암,사무 용품,20,99000,1980000,배송 준비,정기 주문
REC-000798,2025-09-15,대구,기획,고객 0798,무선 마우스,입력 장치,7,59000,413000,배송 완료,정기 주문
REC-000799,2025-09-16,울산,운영,고객 0799,휴대용 SSD,저장 장치,14,179000,2506000,반품 검토,정기 주문
REC-000800,2025-09-17,세종,기획,고객 0800,헤드셋,음향 장치,1,129000,129000,결제 확인,정기 주문
REC-000801,2025-09-18,경기,운영,고객 0801,무선 키보드,입력 장치,8,89000,712000,처리 중,정기 주문
REC-000802,2025-09-19,강원,기획,고객 0802,27인치 모니터,디스플레이,15,329000,4935000,배송 준비,정기 주문
REC-000803,2025-09-20,충북,운영,고객 0803,USB-C 허브,주변 기기,2,49000,98000,배송 완료,정기 주문
REC-000804,2025-09-21,제주,기획,고객 0804,노트북 거치대,사무 용품,9,67000,603000,반품 검토,정기 주문
REC-000805,2025-09-22,서울,운영,고객 0805,웹캠,영상 장치,16,118000,1888000,결제 확인,정기 주문
REC-000806,2025-09-23,부산,기획,고객 0806,기계식 키보드,입력 장치,3,149000,447000,처리 중,세금계산서 발행
REC-000807,2025-09-24,대전,운영,고객 0807,모니터 암,사무 용품,10,99000,990000,배송 준비,정기 주문
REC-000808,2025-09-25,인천,기획,고객 0808,무선 마우스,입력 장치,17,59000,1003000,배송 완료,정기 주문
REC-000809,2025-09-26,광주,운영,고객 0809,휴대용 SSD,저장 장치,4,179000,716000,반품 검토,정기 주문
REC-000810,2025-09-27,대구,기획,고객 0810,헤드셋,음향 장치,11,129000,1419000,결제 확인,정기 주문
REC-000811,2025-09-28,울산,운영,고객 0811,무선 키보드,입력 장치,18,89000,1602000,처리 중,정기 주문
REC-000812,2025-09-29,세종,기획,고객 0812,27인치 모니터,디스플레이,5,329000,1645000,배송 준비,정기 주문
REC-000813,2025-09-30,경기,운영,고객 0813,USB-C 허브,주변 기기,12,49000,588000,배송 완료,정기 주문
REC-000814,2025-10-01,강원,기획,고객 0814,노트북 거치대,사무 용품,19,67000,1273000,반품 검토,정기 주문
REC-000815,2025-10-02,충북,운영,고객 0815,웹캠,영상 장치,6,118000,708000,결제 확인,정기 주문
REC-000816,2025-10-03,제주,기획,고객 0816,기계식 키보드,입력 장치,13,149000,1937000,처리 중,정기 주문
REC-000817,2025-10-04,서울,운영,고객 0817,모니터 암,사무 용품,20,99000,1980000,배송 준비,정기 주문
REC-000818,2025-10-05,부산,기획,고객 0818,무선 마우스,입력 장치,7,59000,413000,배송 완료,정기 주문
REC-000819,2025-10-06,대전,운영,고객 0819,휴대용 SSD,저장 장치,14,179000,2506000,반품 검토,정기 주문
REC-000820,2025-10-07,인천,기획,고객 0820,헤드셋,음향 장치,1,129000,129000,결제 확인,정기 주문
REC-000821,2025-10-08,광주,운영,고객 0821,무선 키보드,입력 장치,8,89000,712000,처리 중,정기 주문
REC-000822,2025-10-09,대구,기획,고객 0822,27인치 모니터,디스플레이,15,329000,4935000,배송 준비,정기 주문
REC-000823,2025-10-10,울산,운영,고객 0823,USB-C 허브,주변 기기,2,49000,98000,배송 완료,정기 주문
REC-000824,2025-10-11,세종,기획,고객 0824,노트북 거치대,사무 용품,9,67000,603000,반품 검토,정기 주문
REC-000825,2025-10-12,경기,운영,고객 0825,웹캠,영상 장치,16,118000,1888000,결제 확인,정기 주문
REC-000826,2025-10-13,강원,기획,고객 0826,기계식 키보드,입력 장치,3,149000,447000,처리 중,정기 주문
REC-000827,2025-10-14,충북,운영,고객 0827,모니터 암,사무 용품,10,99000,990000,배송 준비,정기 주문
REC-000828,2025-10-15,제주,기획,고객 0828,무선 마우스,입력 장치,17,59000,1003000,배송 완료,정기 주문
REC-000829,2025-10-16,서울,운영,고객 0829,휴대용 SSD,저장 장치,4,179000,716000,반품 검토,정기 주문
REC-000830,2025-10-17,부산,기획,고객 0830,헤드셋,음향 장치,11,129000,1419000,결제 확인,정기 주문
REC-000831,2025-10-18,대전,운영,고객 0831,무선 키보드,입력 장치,18,89000,1602000,처리 중,정기 주문
REC-000832,2025-10-19,인천,기획,고객 0832,27인치 모니터,디스플레이,5,329000,1645000,배송 준비,정기 주문
REC-000833,2025-10-20,광주,운영,고객 0833,USB-C 허브,주변 기기,12,49000,588000,배송 완료,정기 주문
REC-000834,2025-10-21,대구,기획,고객 0834,노트북 거치대,사무 용품,19,67000,1273000,반품 검토,정기 주문
REC-000835,2025-10-22,울산,운영,고객 0835,웹캠,영상 장치,6,118000,708000,결제 확인,정기 주문
REC-000836,2025-10-23,세종,기획,고객 0836,기계식 키보드,입력 장치,13,149000,1937000,처리 중,정기 주문
REC-000837,2025-10-24,경기,운영,고객 0837,모니터 암,사무 용품,20,99000,1980000,배송 준비,세금계산서 발행
REC-000838,2025-10-25,강원,기획,고객 0838,무선 마우스,입력 장치,7,59000,413000,배송 완료,정기 주문
REC-000839,2025-10-26,충북,운영,고객 0839,휴대용 SSD,저장 장치,14,179000,2506000,반품 검토,정기 주문
REC-000840,2025-10-27,제주,기획,고객 0840,헤드셋,음향 장치,1,129000,129000,결제 확인,정기 주문
REC-000841,2025-10-28,서울,운영,고객 0841,무선 키보드,입력 장치,8,89000,712000,처리 중,정기 주문
REC-000842,2025-10-29,부산,기획,고객 0842,27인치 모니터,디스플레이,15,329000,4935000,배송 준비,정기 주문
REC-000843,2025-10-30,대전,운영,고객 0843,USB-C 허브,주변 기기,2,49000,98000,배송 완료,정기 주문
REC-000844,2025-10-31,인천,기획,고객 0844,노트북 거치대,사무 용품,9,67000,603000,반품 검토,정기 주문
REC-000845,2025-11-01,광주,운영,고객 0845,웹캠,영상 장치,16,118000,1888000,결제 확인,정기 주문
REC-000846,2025-11-02,대구,기획,고객 0846,기계식 키보드,입력 장치,3,149000,447000,처리 중,정기 주문
REC-000847,2025-11-03,울산,운영,고객 0847,모니터 암,사무 용품,10,99000,990000,배송 준비,정기 주문
REC-000848,2025-11-04,세종,기획,고객 0848,무선 마우스,입력 장치,17,59000,1003000,배송 완료,정기 주문
REC-000849,2025-11-05,경기,운영,고객 0849,휴대용 SSD,저장 장치,4,179000,716000,반품 검토,정기 주문
REC-000850,2025-11-06,강원,기획,고객 0850,헤드셋,음향 장치,11,129000,1419000,결제 확인,정기 주문
REC-000851,2025-11-07,충북,운영,고객 0851,무선 키보드,입력 장치,18,89000,1602000,처리 중,정기 주문
REC-000852,2025-11-08,제주,기획,고객 0852,27인치 모니터,디스플레이,5,329000,1645000,배송 준비,정기 주문
REC-000853,2025-11-09,서울,운영,고객 0853,USB-C 허브,주변 기기,12,49000,588000,배송 완료,정기 주문
REC-000854,2025-11-10,부산,기획,고객 0854,노트북 거치대,사무 용품,19,67000,1273000,반품 검토,정기 주문
REC-000855,2025-11-11,대전,운영,고객 0855,웹캠,영상 장치,6,118000,708000,결제 확인,정기 주문
REC-000856,2025-11-12,인천,기획,고객 0856,기계식 키보드,입력 장치,13,149000,1937000,처리 중,정기 주문
REC-000857,2025-11-13,광주,운영,고객 0857,모니터 암,사무 용품,20,99000,1980000,배송 준비,정기 주문
REC-000858,2025-11-14,대구,기획,고객 0858,무선 마우스,입력 장치,7,59000,413000,배송 완료,정기 주문
REC-000859,2025-11-15,울산,운영,고객 0859,휴대용 SSD,저장 장치,14,179000,2506000,반품 검토,정기 주문
REC-000860,2025-11-16,세종,기획,고객 0860,헤드셋,음향 장치,1,129000,129000,결제 확인,정기 주문
REC-000861,2025-11-17,경기,운영,고객 0861,무선 키보드,입력 장치,8,89000,712000,처리 중,정기 주문
REC-000862,2025-11-18,강원,기획,고객 0862,27인치 모니터,디스플레이,15,329000,4935000,배송 준비,정기 주문
REC-000863,2025-11-19,충북,운영,고객 0863,USB-C 허브,주변 기기,2,49000,98000,배송 완료,정기 주문
REC-000864,2025-11-20,제주,기획,고객 0864,노트북 거치대,사무 용품,9,67000,603000,반품 검토,정기 주문
REC-000865,2025-11-21,서울,운영,고객 0865,웹캠,영상 장치,16,118000,1888000,결제 확인,정기 주문
REC-000866,2025-11-22,부산,기획,고객 0866,기계식 키보드,입력 장치,3,149000,447000,처리 중,정기 주문
REC-000867,2025-11-23,대전,운영,고객 0867,모니터 암,사무 용품,10,99000,990000,배송 준비,정기 주문
REC-000868,2025-11-24,인천,기획,고객 0868,무선 마우스,입력 장치,17,59000,1003000,배송 완료,세금계산서 발행
REC-000869,2025-11-25,광주,운영,고객 0869,휴대용 SSD,저장 장치,4,179000,716000,반품 검토,정기 주문
REC-000870,2025-11-26,대구,기획,고객 0870,헤드셋,음향 장치,11,129000,1419000,결제 확인,정기 주문
REC-000871,2025-11-27,울산,운영,고객 0871,무선 키보드,입력 장치,18,89000,1602000,처리 중,정기 주문
REC-000872,2025-11-28,세종,기획,고객 0872,27인치 모니터,디스플레이,5,329000,1645000,배송 준비,정기 주문
REC-000873,2025-11-29,경기,운영,고객 0873,USB-C 허브,주변 기기,12,49000,588000,배송 완료,"우선 처리, 오전 출고"
REC-000874,2025-11-30,강원,기획,고객 0874,노트북 거치대,사무 용품,19,67000,1273000,반품 검토,정기 주문
REC-000875,2025-12-01,충북,운영,고객 0875,웹캠,영상 장치,6,118000,708000,결제 확인,정기 주문
REC-000876,2025-12-02,제주,기획,고객 0876,기계식 키보드,입력 장치,13,149000,1937000,처리 중,정기 주문
REC-000877,2025-12-03,서울,운영,고객 0877,모니터 암,사무 용품,20,99000,1980000,배송 준비,정기 주문
REC-000878,2025-12-04,부산,기획,고객 0878,무선 마우스,입력 장치,7,59000,413000,배송 완료,정기 주문
REC-000879,2025-12-05,대전,운영,고객 0879,휴대용 SSD,저장 장치,14,179000,2506000,반품 검토,정기 주문
REC-000880,2025-12-06,인천,기획,고객 0880,헤드셋,음향 장치,1,129000,129000,결제 확인,정기 주문
REC-000881,2025-12-07,광주,운영,고객 0881,무선 키보드,입력 장치,8,89000,712000,처리 중,정기 주문
REC-000882,2025-12-08,대구,기획,고객 0882,27인치 모니터,디스플레이,15,329000,4935000,배송 준비,정기 주문
REC-000883,2025-12-09,울산,운영,고객 0883,USB-C 허브,주변 기기,2,49000,98000,배송 완료,정기 주문
REC-000884,2025-12-10,세종,기획,고객 0884,노트북 거치대,사무 용품,9,67000,603000,반품 검토,정기 주문
REC-000885,2025-12-11,경기,운영,고객 0885,웹캠,영상 장치,16,118000,1888000,결제 확인,정기 주문
REC-000886,2025-12-12,강원,기획,고객 0886,기계식 키보드,입력 장치,3,149000,447000,처리 중,정기 주문
REC-000887,2025-12-13,충북,운영,고객 0887,모니터 암,사무 용품,10,99000,990000,배송 준비,정기 주문
REC-000888,2025-12-14,제주,기획,고객 0888,무선 마우스,입력 장치,17,59000,1003000,배송 완료,정기 주문
REC-000889,2025-12-15,서울,운영,고객 0889,휴대용 SSD,저장 장치,4,179000,716000,반품 검토,정기 주문
REC-000890,2025-12-16,부산,기획,고객 0890,헤드셋,음향 장치,11,129000,1419000,결제 확인,정기 주문
REC-000891,2025-12-17,대전,운영,고객 0891,무선 키보드,입력 장치,18,89000,1602000,처리 중,정기 주문
REC-000892,2025-12-18,인천,기획,고객 0892,27인치 모니터,디스플레이,5,329000,1645000,배송 준비,정기 주문
REC-000893,2025-12-19,광주,운영,고객 0893,USB-C 허브,주변 기기,12,49000,588000,배송 완료,정기 주문
REC-000894,2025-12-20,대구,기획,고객 0894,노트북 거치대,사무 용품,19,67000,1273000,반품 검토,정기 주문
REC-000895,2025-12-21,울산,운영,고객 0895,웹캠,영상 장치,6,118000,708000,결제 확인,정기 주문
REC-000896,2025-12-22,세종,기획,고객 0896,기계식 키보드,입력 장치,13,149000,1937000,처리 중,정기 주문
REC-000897,2025-12-23,경기,운영,고객 0897,모니터 암,사무 용품,20,99000,1980000,배송 준비,정기 주문
REC-000898,2025-12-24,강원,기획,고객 0898,무선 마우스,입력 장치,7,59000,413000,배송 완료,정기 주문
REC-000899,2025-12-25,충북,운영,고객 0899,휴대용 SSD,저장 장치,14,179000,2506000,반품 검토,세금계산서 발행
REC-000900,2025-12-26,제주,기획,고객 0900,헤드셋,음향 장치,1,129000,129000,결제 확인,정기 주문
REC-000901,2025-12-27,서울,운영,고객 0901,무선 키보드,입력 장치,8,89000,712000,처리 중,정기 주문
REC-000902,2025-12-28,부산,기획,고객 0902,27인치 모니터,디스플레이,15,329000,4935000,배송 준비,정기 주문
REC-000903,2025-12-29,대전,운영,고객 0903,USB-C 허브,주변 기기,2,49000,98000,배송 완료,정기 주문
REC-000904,2025-12-30,인천,기획,고객 0904,노트북 거치대,사무 용품,9,67000,603000,반품 검토,정기 주문
REC-000905,2025-12-31,광주,운영,고객 0905,웹캠,영상 장치,16,118000,1888000,결제 확인,정기 주문
REC-000906,2026-01-01,대구,기획,고객 0906,기계식 키보드,입력 장치,3,149000,447000,처리 중,정기 주문
REC-000907,2026-01-02,울산,운영,고객 0907,모니터 암,사무 용품,10,99000,990000,배송 준비,정기 주문
REC-000908,2026-01-03,세종,기획,고객 0908,무선 마우스,입력 장치,17,59000,1003000,배송 완료,정기 주문
REC-000909,2026-01-04,경기,운영,고객 0909,휴대용 SSD,저장 장치,4,179000,716000,반품 검토,정기 주문
REC-000910,2026-01-05,강원,기획,고객 0910,헤드셋,음향 장치,11,129000,1419000,결제 확인,정기 주문
REC-000911,2026-01-06,충북,운영,고객 0911,무선 키보드,입력 장치,18,89000,1602000,처리 중,정기 주문
REC-000912,2026-01-07,제주,기획,고객 0912,27인치 모니터,디스플레이,5,329000,1645000,배송 준비,정기 주문
REC-000913,2026-01-08,서울,운영,고객 0913,USB-C 허브,주변 기기,12,49000,588000,배송 완료,정기 주문
REC-000914,2026-01-09,부산,기획,고객 0914,노트북 거치대,사무 용품,19,67000,1273000,반품 검토,정기 주문
REC-000915,2026-01-10,대전,운영,고객 0915,웹캠,영상 장치,6,118000,708000,결제 확인,정기 주문
REC-000916,2026-01-11,인천,기획,고객 0916,기계식 키보드,입력 장치,13,149000,1937000,처리 중,정기 주문
REC-000917,2026-01-12,광주,운영,고객 0917,모니터 암,사무 용품,20,99000,1980000,배송 준비,정기 주문
REC-000918,2026-01-13,대구,기획,고객 0918,무선 마우스,입력 장치,7,59000,413000,배송 완료,정기 주문
REC-000919,2026-01-14,울산,운영,고객 0919,휴대용 SSD,저장 장치,14,179000,2506000,반품 검토,정기 주문
REC-000920,2026-01-15,세종,기획,고객 0920,헤드셋,음향 장치,1,129000,129000,결제 확인,정기 주문
REC-000921,2026-01-16,경기,운영,고객 0921,무선 키보드,입력 장치,8,89000,712000,처리 중,정기 주문
REC-000922,2026-01-17,강원,기획,고객 0922,27인치 모니터,디스플레이,15,329000,4935000,배송 준비,정기 주문
REC-000923,2026-01-18,충북,운영,고객 0923,USB-C 허브,주변 기기,2,49000,98000,배송 완료,정기 주문
REC-000924,2026-01-19,제주,기획,고객 0924,노트북 거치대,사무 용품,9,67000,603000,반품 검토,정기 주문
REC-000925,2026-01-20,서울,운영,고객 0925,웹캠,영상 장치,16,118000,1888000,결제 확인,정기 주문
REC-000926,2026-01-21,부산,기획,고객 0926,기계식 키보드,입력 장치,3,149000,447000,처리 중,정기 주문
REC-000927,2026-01-22,대전,운영,고객 0927,모니터 암,사무 용품,10,99000,990000,배송 준비,정기 주문
REC-000928,2026-01-23,인천,기획,고객 0928,무선 마우스,입력 장치,17,59000,1003000,배송 완료,정기 주문
REC-000929,2026-01-24,광주,운영,고객 0929,휴대용 SSD,저장 장치,4,179000,716000,반품 검토,정기 주문
REC-000930,2026-01-25,대구,기획,고객 0930,헤드셋,음향 장치,11,129000,1419000,결제 확인,세금계산서 발행
REC-000931,2026-01-26,울산,운영,고객 0931,무선 키보드,입력 장치,18,89000,1602000,처리 중,정기 주문
REC-000932,2026-01-27,세종,기획,고객 0932,27인치 모니터,디스플레이,5,329000,1645000,배송 준비,정기 주문
REC-000933,2026-01-28,경기,운영,고객 0933,USB-C 허브,주변 기기,12,49000,588000,배송 완료,정기 주문
REC-000934,2026-01-29,강원,기획,고객 0934,노트북 거치대,사무 용품,19,67000,1273000,반품 검토,정기 주문
REC-000935,2026-01-30,충북,운영,고객 0935,웹캠,영상 장치,6,118000,708000,결제 확인,정기 주문
REC-000936,2026-01-31,제주,기획,고객 0936,기계식 키보드,입력 장치,13,149000,1937000,처리 중,정기 주문
REC-000937,2026-02-01,서울,운영,고객 0937,모니터 암,사무 용품,20,99000,1980000,배송 준비,정기 주문
REC-000938,2026-02-02,부산,기획,고객 0938,무선 마우스,입력 장치,7,59000,413000,배송 완료,정기 주문
REC-000939,2026-02-03,대전,운영,고객 0939,휴대용 SSD,저장 장치,14,179000,2506000,반품 검토,정기 주문
REC-000940,2026-02-04,인천,기획,고객 0940,헤드셋,음향 장치,1,129000,129000,결제 확인,정기 주문
REC-000941,2026-02-05,광주,운영,고객 0941,무선 키보드,입력 장치,8,89000,712000,처리 중,정기 주문
REC-000942,2026-02-06,대구,기획,고객 0942,27인치 모니터,디스플레이,15,329000,4935000,배송 준비,정기 주문
REC-000943,2026-02-07,울산,운영,고객 0943,USB-C 허브,주변 기기,2,49000,98000,배송 완료,정기 주문
REC-000944,2026-02-08,세종,기획,고객 0944,노트북 거치대,사무 용품,9,67000,603000,반품 검토,정기 주문
REC-000945,2026-02-09,경기,운영,고객 0945,웹캠,영상 장치,16,118000,1888000,결제 확인,정기 주문
REC-000946,2026-02-10,강원,기획,고객 0946,기계식 키보드,입력 장치,3,149000,447000,처리 중,정기 주문
REC-000947,2026-02-11,충북,운영,고객 0947,모니터 암,사무 용품,10,99000,990000,배송 준비,정기 주문
REC-000948,2026-02-12,제주,기획,고객 0948,무선 마우스,입력 장치,17,59000,1003000,배송 완료,정기 주문
REC-000949,2026-02-13,서울,운영,고객 0949,휴대용 SSD,저장 장치,4,179000,716000,반품 검토,정기 주문
REC-000950,2026-02-14,부산,기획,고객 0950,헤드셋,음향 장치,11,129000,1419000,결제 확인,정기 주문
REC-000951,2026-02-15,대전,운영,고객 0951,무선 키보드,입력 장치,18,89000,1602000,처리 중,정기 주문
REC-000952,2026-02-16,인천,기획,고객 0952,27인치 모니터,디스플레이,5,329000,1645000,배송 준비,정기 주문
REC-000953,2026-02-17,광주,운영,고객 0953,USB-C 허브,주변 기기,12,49000,588000,배송 완료,정기 주문
REC-000954,2026-02-18,대구,기획,고객 0954,노트북 거치대,사무 용품,19,67000,1273000,반품 검토,정기 주문
REC-000955,2026-02-19,울산,운영,고객 0955,웹캠,영상 장치,6,118000,708000,결제 확인,정기 주문
REC-000956,2026-02-20,세종,기획,고객 0956,기계식 키보드,입력 장치,13,149000,1937000,처리 중,정기 주문
REC-000957,2026-02-21,경기,운영,고객 0957,모니터 암,사무 용품,20,99000,1980000,배송 준비,정기 주문
REC-000958,2026-02-22,강원,기획,고객 0958,무선 마우스,입력 장치,7,59000,413000,배송 완료,정기 주문
REC-000959,2026-02-23,충북,운영,고객 0959,휴대용 SSD,저장 장치,14,179000,2506000,반품 검토,정기 주문
REC-000960,2026-02-24,제주,기획,고객 0960,헤드셋,음향 장치,1,129000,129000,결제 확인,정기 주문
REC-000961,2026-02-25,서울,운영,고객 0961,무선 키보드,입력 장치,8,89000,712000,처리 중,세금계산서 발행
REC-000962,2026-02-26,부산,기획,고객 0962,27인치 모니터,디스플레이,15,329000,4935000,배송 준비,정기 주문
REC-000963,2026-02-27,대전,운영,고객 0963,USB-C 허브,주변 기기,2,49000,98000,배송 완료,정기 주문
REC-000964,2026-02-28,인천,기획,고객 0964,노트북 거치대,사무 용품,9,67000,603000,반품 검토,정기 주문
REC-000965,2026-03-01,광주,운영,고객 0965,웹캠,영상 장치,16,118000,1888000,결제 확인,정기 주문
REC-000966,2026-03-02,대구,기획,고객 0966,기계식 키보드,입력 장치,3,149000,447000,처리 중,정기 주문
REC-000967,2026-03-03,울산,운영,고객 0967,모니터 암,사무 용품,10,99000,990000,배송 준비,정기 주문
REC-000968,2026-03-04,세종,기획,고객 0968,무선 마우스,입력 장치,17,59000,1003000,배송 완료,정기 주문
REC-000969,2026-03-05,경기,운영,고객 0969,휴대용 SSD,저장 장치,4,179000,716000,반품 검토,정기 주문
REC-000970,2026-03-06,강원,기획,고객 0970,헤드셋,음향 장치,11,129000,1419000,결제 확인,"우선 처리, 오전 출고"
REC-000971,2026-03-07,충북,운영,고객 0971,무선 키보드,입력 장치,18,89000,1602000,처리 중,정기 주문
REC-000972,2026-03-08,제주,기획,고객 0972,27인치 모니터,디스플레이,5,329000,1645000,배송 준비,정기 주문
REC-000973,2026-03-09,서울,운영,고객 0973,USB-C 허브,주변 기기,12,49000,588000,배송 완료,정기 주문
REC-000974,2026-03-10,부산,기획,고객 0974,노트북 거치대,사무 용품,19,67000,1273000,반품 검토,정기 주문
REC-000975,2026-03-11,대전,운영,고객 0975,웹캠,영상 장치,6,118000,708000,결제 확인,정기 주문
REC-000976,2026-03-12,인천,기획,고객 0976,기계식 키보드,입력 장치,13,149000,1937000,처리 중,정기 주문
REC-000977,2026-03-13,광주,운영,고객 0977,모니터 암,사무 용품,20,99000,1980000,배송 준비,정기 주문
REC-000978,2026-03-14,대구,기획,고객 0978,무선 마우스,입력 장치,7,59000,413000,배송 완료,정기 주문
REC-000979,2026-03-15,울산,운영,고객 0979,휴대용 SSD,저장 장치,14,179000,2506000,반품 검토,정기 주문
REC-000980,2026-03-16,세종,기획,고객 0980,헤드셋,음향 장치,1,129000,129000,결제 확인,정기 주문
REC-000981,2026-03-17,경기,운영,고객 0981,무선 키보드,입력 장치,8,89000,712000,처리 중,정기 주문
REC-000982,2026-03-18,강원,기획,고객 0982,27인치 모니터,디스플레이,15,329000,4935000,배송 준비,정기 주문
REC-000983,2026-03-19,충북,운영,고객 0983,USB-C 허브,주변 기기,2,49000,98000,배송 완료,정기 주문
REC-000984,2026-03-20,제주,기획,고객 0984,노트북 거치대,사무 용품,9,67000,603000,반품 검토,정기 주문
REC-000985,2026-03-21,서울,운영,고객 0985,웹캠,영상 장치,16,118000,1888000,결제 확인,정기 주문
REC-000986,2026-03-22,부산,기획,고객 0986,기계식 키보드,입력 장치,3,149000,447000,처리 중,정기 주문
REC-000987,2026-03-23,대전,운영,고객 0987,모니터 암,사무 용품,10,99000,990000,배송 준비,정기 주문
REC-000988,2026-03-24,인천,기획,고객 0988,무선 마우스,입력 장치,17,59000,1003000,배송 완료,정기 주문
REC-000989,2026-03-25,광주,운영,고객 0989,휴대용 SSD,저장 장치,4,179000,716000,반품 검토,정기 주문
REC-000990,2026-03-26,대구,기획,고객 0990,헤드셋,음향 장치,11,129000,1419000,결제 확인,정기 주문
REC-000991,2026-03-27,울산,운영,고객 0991,무선 키보드,입력 장치,18,89000,1602000,처리 중,정기 주문
REC-000992,2026-03-28,세종,기획,고객 0992,27인치 모니터,디스플레이,5,329000,1645000,배송 준비,세금계산서 발행
REC-000993,2026-03-29,경기,운영,고객 0993,USB-C 허브,주변 기기,12,49000,588000,배송 완료,정기 주문
REC-000994,2026-03-30,강원,기획,고객 0994,노트북 거치대,사무 용품,19,67000,1273000,반품 검토,정기 주문
REC-000995,2026-03-31,충북,운영,고객 0995,웹캠,영상 장치,6,118000,708000,결제 확인,정기 주문
REC-000996,2026-04-01,제주,기획,고객 0996,기계식 키보드,입력 장치,13,149000,1937000,처리 중,정기 주문
REC-000997,2026-04-02,서울,운영,고객 0997,모니터 암,사무 용품,20,99000,1980000,배송 준비,정기 주문
REC-000998,2026-04-03,부산,기획,고객 0998,무선 마우스,입력 장치,7,59000,413000,배송 완료,정기 주문
REC-000999,2026-04-04,대전,운영,고객 0999,휴대용 SSD,저장 장치,14,179000,2506000,반품 검토,정기 주문
REC-001000,2026-04-05,인천,기획,고객 1000,헤드셋,음향 장치,1,129000,129000,결제 확인,"분기 마감 주문, 담당자 ""재확인"" 필요"
REC-001001,2026-04-06,광주,운영,고객 1001,무선 키보드,입력 장치,8,89000,712000,처리 중,정기 주문
REC-001002,2026-04-07,대구,기획,고객 1002,27인치 모니터,디스플레이,15,329000,4935000,배송 준비,정기 주문
REC-001003,2026-04-08,울산,운영,고객 1003,USB-C 허브,주변 기기,2,49000,98000,배송 완료,정기 주문
REC-001004,2026-04-09,세종,기획,고객 1004,노트북 거치대,사무 용품,9,67000,603000,반품 검토,정기 주문
REC-001005,2026-04-10,경기,운영,고객 1005,웹캠,영상 장치,16,118000,1888000,결제 확인,정기 주문
REC-001006,2026-04-11,강원,기획,고객 1006,기계식 키보드,입력 장치,3,149000,447000,처리 중,정기 주문
REC-001007,2026-04-12,충북,운영,고객 1007,모니터 암,사무 용품,10,99000,990000,배송 준비,정기 주문
REC-001008,2026-04-13,제주,기획,고객 1008,무선 마우스,입력 장치,17,59000,1003000,배송 완료,정기 주문
REC-001009,2026-04-14,서울,운영,고객 1009,휴대용 SSD,저장 장치,4,179000,716000,반품 검토,정기 주문
REC-001010,2026-04-15,부산,기획,고객 1010,헤드셋,음향 장치,11,129000,1419000,결제 확인,정기 주문
REC-001011,2026-04-16,대전,운영,고객 1011,무선 키보드,입력 장치,18,89000,1602000,처리 중,정기 주문
REC-001012,2026-04-17,인천,기획,고객 1012,27인치 모니터,디스플레이,5,329000,1645000,배송 준비,정기 주문
REC-001013,2026-04-18,광주,운영,고객 1013,USB-C 허브,주변 기기,12,49000,588000,배송 완료,정기 주문
REC-001014,2026-04-19,대구,기획,고객 1014,노트북 거치대,사무 용품,19,67000,1273000,반품 검토,정기 주문
REC-001015,2026-04-20,울산,운영,고객 1015,웹캠,영상 장치,6,118000,708000,결제 확인,정기 주문
REC-001016,2026-04-21,세종,기획,고객 1016,기계식 키보드,입력 장치,13,149000,1937000,처리 중,정기 주문
REC-001017,2026-04-22,경기,운영,고객 1017,모니터 암,사무 용품,20,99000,1980000,배송 준비,정기 주문
REC-001018,2026-04-23,강원,기획,고객 1018,무선 마우스,입력 장치,7,59000,413000,배송 완료,정기 주문
REC-001019,2026-04-24,충북,운영,고객 1019,휴대용 SSD,저장 장치,14,179000,2506000,반품 검토,정기 주문
REC-001020,2026-04-25,제주,기획,고객 1020,헤드셋,음향 장치,1,129000,129000,결제 확인,정기 주문
REC-001021,2026-04-26,서울,운영,고객 1021,무선 키보드,입력 장치,8,89000,712000,처리 중,정기 주문
REC-001022,2026-04-27,부산,기획,고객 1022,27인치 모니터,디스플레이,15,329000,4935000,배송 준비,정기 주문
REC-001023,2026-04-28,대전,운영,고객 1023,USB-C 허브,주변 기기,2,49000,98000,배송 완료,세금계산서 발행
REC-001024,2026-04-29,인천,기획,고객 1024,노트북 거치대,사무 용품,9,67000,603000,반품 검토,정기 주문
REC-001025,2026-04-30,광주,운영,고객 1025,웹캠,영상 장치,16,118000,1888000,결제 확인,정기 주문
REC-001026,2026-05-01,대구,기획,고객 1026,기계식 키보드,입력 장치,3,149000,447000,처리 중,정기 주문
REC-001027,2026-05-02,울산,운영,고객 1027,모니터 암,사무 용품,10,99000,990000,배송 준비,정기 주문
REC-001028,2026-05-03,세종,기획,고객 1028,무선 마우스,입력 장치,17,59000,1003000,배송 완료,정기 주문
REC-001029,2026-05-04,경기,운영,고객 1029,휴대용 SSD,저장 장치,4,179000,716000,반품 검토,정기 주문
REC-001030,2026-05-05,강원,기획,고객 1030,헤드셋,음향 장치,11,129000,1419000,결제 확인,정기 주문
REC-001031,2026-05-06,충북,운영,고객 1031,무선 키보드,입력 장치,18,89000,1602000,처리 중,정기 주문
REC-001032,2026-05-07,제주,기획,고객 1032,27인치 모니터,디스플레이,5,329000,1645000,배송 준비,정기 주문
REC-001033,2026-05-08,서울,운영,고객 1033,USB-C 허브,주변 기기,12,49000,588000,배송 완료,정기 주문
REC-001034,2026-05-09,부산,기획,고객 1034,노트북 거치대,사무 용품,19,67000,1273000,반품 검토,정기 주문
REC-001035,2026-05-10,대전,운영,고객 1035,웹캠,영상 장치,6,118000,708000,결제 확인,정기 주문
REC-001036,2026-05-11,인천,기획,고객 1036,기계식 키보드,입력 장치,13,149000,1937000,처리 중,정기 주문
REC-001037,2026-05-12,광주,운영,고객 1037,모니터 암,사무 용품,20,99000,1980000,배송 준비,정기 주문
REC-001038,2026-05-13,대구,기획,고객 1038,무선 마우스,입력 장치,7,59000,413000,배송 완료,정기 주문
REC-001039,2026-05-14,울산,운영,고객 1039,휴대용 SSD,저장 장치,14,179000,2506000,반품 검토,정기 주문
REC-001040,2026-05-15,세종,기획,고객 1040,헤드셋,음향 장치,1,129000,129000,결제 확인,정기 주문
REC-001041,2026-05-16,경기,운영,고객 1041,무선 키보드,입력 장치,8,89000,712000,처리 중,정기 주문
REC-001042,2026-05-17,강원,기획,고객 1042,27인치 모니터,디스플레이,15,329000,4935000,배송 준비,정기 주문
REC-001043,2026-05-18,충북,운영,고객 1043,USB-C 허브,주변 기기,2,49000,98000,배송 완료,정기 주문
REC-001044,2026-05-19,제주,기획,고객 1044,노트북 거치대,사무 용품,9,67000,603000,반품 검토,정기 주문
REC-001045,2026-05-20,서울,운영,고객 1045,웹캠,영상 장치,16,118000,1888000,결제 확인,정기 주문
REC-001046,2026-05-21,부산,기획,고객 1046,기계식 키보드,입력 장치,3,149000,447000,처리 중,정기 주문
REC-001047,2026-05-22,대전,운영,고객 1047,모니터 암,사무 용품,10,99000,990000,배송 준비,정기 주문
REC-001048,2026-05-23,인천,기획,고객 1048,무선 마우스,입력 장치,17,59000,1003000,배송 완료,정기 주문
REC-001049,2026-05-24,광주,운영,고객 1049,휴대용 SSD,저장 장치,4,179000,716000,반품 검토,정기 주문
REC-001050,2026-05-25,대구,기획,고객 1050,헤드셋,음향 장치,11,129000,1419000,결제 확인,정기 주문
REC-001051,2026-05-26,울산,운영,고객 1051,무선 키보드,입력 장치,18,89000,1602000,처리 중,정기 주문
REC-001052,2026-05-27,세종,기획,고객 1052,27인치 모니터,디스플레이,5,329000,1645000,배송 준비,정기 주문
REC-001053,2026-05-28,경기,운영,고객 1053,USB-C 허브,주변 기기,12,49000,588000,배송 완료,정기 주문
REC-001054,2026-05-29,강원,기획,고객 1054,노트북 거치대,사무 용품,19,67000,1273000,반품 검토,세금계산서 발행
REC-001055,2026-05-30,충북,운영,고객 1055,웹캠,영상 장치,6,118000,708000,결제 확인,정기 주문
REC-001056,2026-05-31,제주,기획,고객 1056,기계식 키보드,입력 장치,13,149000,1937000,처리 중,정기 주문
REC-001057,2026-06-01,서울,운영,고객 1057,모니터 암,사무 용품,20,99000,1980000,배송 준비,정기 주문
REC-001058,2026-06-02,부산,기획,고객 1058,무선 마우스,입력 장치,7,59000,413000,배송 완료,정기 주문
REC-001059,2026-06-03,대전,운영,고객 1059,휴대용 SSD,저장 장치,14,179000,2506000,반품 검토,정기 주문
REC-001060,2026-06-04,인천,기획,고객 1060,헤드셋,음향 장치,1,129000,129000,결제 확인,정기 주문
REC-001061,2026-06-05,광주,운영,고객 1061,무선 키보드,입력 장치,8,89000,712000,처리 중,정기 주문
REC-001062,2026-06-06,대구,기획,고객 1062,27인치 모니터,디스플레이,15,329000,4935000,배송 준비,정기 주문
REC-001063,2026-06-07,울산,운영,고객 1063,USB-C 허브,주변 기기,2,49000,98000,배송 완료,정기 주문
REC-001064,2026-06-08,세종,기획,고객 1064,노트북 거치대,사무 용품,9,67000,603000,반품 검토,정기 주문
REC-001065,2026-06-09,경기,운영,고객 1065,웹캠,영상 장치,16,118000,1888000,결제 확인,정기 주문
REC-001066,2026-06-10,강원,기획,고객 1066,기계식 키보드,입력 장치,3,149000,447000,처리 중,정기 주문
REC-001067,2026-06-11,충북,운영,고객 1067,모니터 암,사무 용품,10,99000,990000,배송 준비,"우선 처리, 오전 출고"
REC-001068,2026-06-12,제주,기획,고객 1068,무선 마우스,입력 장치,17,59000,1003000,배송 완료,정기 주문
REC-001069,2026-06-13,서울,운영,고객 1069,휴대용 SSD,저장 장치,4,179000,716000,반품 검토,정기 주문
REC-001070,2026-06-14,부산,기획,고객 1070,헤드셋,음향 장치,11,129000,1419000,결제 확인,정기 주문
REC-001071,2026-06-15,대전,운영,고객 1071,무선 키보드,입력 장치,18,89000,1602000,처리 중,정기 주문
REC-001072,2026-06-16,인천,기획,고객 1072,27인치 모니터,디스플레이,5,329000,1645000,배송 준비,정기 주문
REC-001073,2026-06-17,광주,운영,고객 1073,USB-C 허브,주변 기기,12,49000,588000,배송 완료,정기 주문
REC-001074,2026-06-18,대구,기획,고객 1074,노트북 거치대,사무 용품,19,67000,1273000,반품 검토,정기 주문
REC-001075,2026-06-19,울산,운영,고객 1075,웹캠,영상 장치,6,118000,708000,결제 확인,정기 주문
REC-001076,2026-06-20,세종,기획,고객 1076,기계식 키보드,입력 장치,13,149000,1937000,처리 중,정기 주문
REC-001077,2026-06-21,경기,운영,고객 1077,모니터 암,사무 용품,20,99000,1980000,배송 준비,정기 주문
REC-001078,2026-06-22,강원,기획,고객 1078,무선 마우스,입력 장치,7,59000,413000,배송 완료,정기 주문
REC-001079,2026-06-23,충북,운영,고객 1079,휴대용 SSD,저장 장치,14,179000,2506000,반품 검토,정기 주문
REC-001080,2026-06-24,제주,기획,고객 1080,헤드셋,음향 장치,1,129000,129000,결제 확인,정기 주문
REC-001081,2025-01-01,서울,운영,고객 1081,무선 키보드,입력 장치,8,89000,712000,처리 중,정기 주문
REC-001082,2025-01-02,부산,기획,고객 1082,27인치 모니터,디스플레이,15,329000,4935000,배송 준비,정기 주문
REC-001083,2025-01-03,대전,운영,고객 1083,USB-C 허브,주변 기기,2,49000,98000,배송 완료,정기 주문
REC-001084,2025-01-04,인천,기획,고객 1084,노트북 거치대,사무 용품,9,67000,603000,반품 검토,정기 주문
REC-001085,2025-01-05,광주,운영,고객 1085,웹캠,영상 장치,16,118000,1888000,결제 확인,세금계산서 발행
REC-001086,2025-01-06,대구,기획,고객 1086,기계식 키보드,입력 장치,3,149000,447000,처리 중,정기 주문
REC-001087,2025-01-07,울산,운영,고객 1087,모니터 암,사무 용품,10,99000,990000,배송 준비,정기 주문
REC-001088,2025-01-08,세종,기획,고객 1088,무선 마우스,입력 장치,17,59000,1003000,배송 완료,정기 주문
REC-001089,2025-01-09,경기,운영,고객 1089,휴대용 SSD,저장 장치,4,179000,716000,반품 검토,정기 주문
REC-001090,2025-01-10,강원,기획,고객 1090,헤드셋,음향 장치,11,129000,1419000,결제 확인,정기 주문
REC-001091,2025-01-11,충북,운영,고객 1091,무선 키보드,입력 장치,18,89000,1602000,처리 중,정기 주문
REC-001092,2025-01-12,제주,기획,고객 1092,27인치 모니터,디스플레이,5,329000,1645000,배송 준비,정기 주문
REC-001093,2025-01-13,서울,운영,고객 1093,USB-C 허브,주변 기기,12,49000,588000,배송 완료,정기 주문
REC-001094,2025-01-14,부산,기획,고객 1094,노트북 거치대,사무 용품,19,67000,1273000,반품 검토,정기 주문
REC-001095,2025-01-15,대전,운영,고객 1095,웹캠,영상 장치,6,118000,708000,결제 확인,정기 주문
REC-001096,2025-01-16,인천,기획,고객 1096,기계식 키보드,입력 장치,13,149000,1937000,처리 중,정기 주문
REC-001097,2025-01-17,광주,운영,고객 1097,모니터 암,사무 용품,20,99000,1980000,배송 준비,정기 주문
REC-001098,2025-01-18,대구,기획,고객 1098,무선 마우스,입력 장치,7,59000,413000,배송 완료,정기 주문
REC-001099,2025-01-19,울산,운영,고객 1099,휴대용 SSD,저장 장치,14,179000,2506000,반품 검토,정기 주문
REC-001100,2025-01-20,세종,기획,고객 1100,헤드셋,음향 장치,1,129000,129000,결제 확인,정기 주문
REC-001101,2025-01-21,경기,운영,고객 1101,무선 키보드,입력 장치,8,89000,712000,처리 중,정기 주문
REC-001102,2025-01-22,강원,기획,고객 1102,27인치 모니터,디스플레이,15,329000,4935000,배송 준비,정기 주문
REC-001103,2025-01-23,충북,운영,고객 1103,USB-C 허브,주변 기기,2,49000,98000,배송 완료,정기 주문
REC-001104,2025-01-24,제주,기획,고객 1104,노트북 거치대,사무 용품,9,67000,603000,반품 검토,정기 주문
REC-001105,2025-01-25,서울,운영,고객 1105,웹캠,영상 장치,16,118000,1888000,결제 확인,정기 주문
REC-001106,2025-01-26,부산,기획,고객 1106,기계식 키보드,입력 장치,3,149000,447000,처리 중,정기 주문
REC-001107,2025-01-27,대전,운영,고객 1107,모니터 암,사무 용품,10,99000,990000,배송 준비,정기 주문
REC-001108,2025-01-28,인천,기획,고객 1108,무선 마우스,입력 장치,17,59000,1003000,배송 완료,정기 주문
REC-001109,2025-01-29,광주,운영,고객 1109,휴대용 SSD,저장 장치,4,179000,716000,반품 검토,정기 주문
REC-001110,2025-01-30,대구,기획,고객 1110,헤드셋,음향 장치,11,129000,1419000,결제 확인,정기 주문
REC-001111,2025-01-31,울산,운영,고객 1111,무선 키보드,입력 장치,18,89000,1602000,처리 중,정기 주문
REC-001112,2025-02-01,세종,기획,고객 1112,27인치 모니터,디스플레이,5,329000,1645000,배송 준비,정기 주문
REC-001113,2025-02-02,경기,운영,고객 1113,USB-C 허브,주변 기기,12,49000,588000,배송 완료,정기 주문
REC-001114,2025-02-03,강원,기획,고객 1114,노트북 거치대,사무 용품,19,67000,1273000,반품 검토,정기 주문
REC-001115,2025-02-04,충북,운영,고객 1115,웹캠,영상 장치,6,118000,708000,결제 확인,정기 주문
REC-001116,2025-02-05,제주,기획,고객 1116,기계식 키보드,입력 장치,13,149000,1937000,처리 중,세금계산서 발행
REC-001117,2025-02-06,서울,운영,고객 1117,모니터 암,사무 용품,20,99000,1980000,배송 준비,정기 주문
REC-001118,2025-02-07,부산,기획,고객 1118,무선 마우스,입력 장치,7,59000,413000,배송 완료,정기 주문
REC-001119,2025-02-08,대전,운영,고객 1119,휴대용 SSD,저장 장치,14,179000,2506000,반품 검토,정기 주문
REC-001120,2025-02-09,인천,기획,고객 1120,헤드셋,음향 장치,1,129000,129000,결제 확인,정기 주문
REC-001121,2025-02-10,광주,운영,고객 1121,무선 키보드,입력 장치,8,89000,712000,처리 중,정기 주문
REC-001122,2025-02-11,대구,기획,고객 1122,27인치 모니터,디스플레이,15,329000,4935000,배송 준비,정기 주문
REC-001123,2025-02-12,울산,운영,고객 1123,USB-C 허브,주변 기기,2,49000,98000,배송 완료,정기 주문
REC-001124,2025-02-13,세종,기획,고객 1124,노트북 거치대,사무 용품,9,67000,603000,반품 검토,정기 주문
REC-001125,2025-02-14,경기,운영,고객 1125,웹캠,영상 장치,16,118000,1888000,결제 확인,정기 주문
REC-001126,2025-02-15,강원,기획,고객 1126,기계식 키보드,입력 장치,3,149000,447000,처리 중,정기 주문
REC-001127,2025-02-16,충북,운영,고객 1127,모니터 암,사무 용품,10,99000,990000,배송 준비,정기 주문
REC-001128,2025-02-17,제주,기획,고객 1128,무선 마우스,입력 장치,17,59000,1003000,배송 완료,정기 주문
REC-001129,2025-02-18,서울,운영,고객 1129,휴대용 SSD,저장 장치,4,179000,716000,반품 검토,정기 주문
REC-001130,2025-02-19,부산,기획,고객 1130,헤드셋,음향 장치,11,129000,1419000,결제 확인,정기 주문
REC-001131,2025-02-20,대전,운영,고객 1131,무선 키보드,입력 장치,18,89000,1602000,처리 중,정기 주문
REC-001132,2025-02-21,인천,기획,고객 1132,27인치 모니터,디스플레이,5,329000,1645000,배송 준비,정기 주문
REC-001133,2025-02-22,광주,운영,고객 1133,USB-C 허브,주변 기기,12,49000,588000,배송 완료,정기 주문
REC-001134,2025-02-23,대구,기획,고객 1134,노트북 거치대,사무 용품,19,67000,1273000,반품 검토,정기 주문
REC-001135,2025-02-24,울산,운영,고객 1135,웹캠,영상 장치,6,118000,708000,결제 확인,정기 주문
REC-001136,2025-02-25,세종,기획,고객 1136,기계식 키보드,입력 장치,13,149000,1937000,처리 중,정기 주문
REC-001137,2025-02-26,경기,운영,고객 1137,모니터 암,사무 용품,20,99000,1980000,배송 준비,정기 주문
REC-001138,2025-02-27,강원,기획,고객 1138,무선 마우스,입력 장치,7,59000,413000,배송 완료,정기 주문
REC-001139,2025-02-28,충북,운영,고객 1139,휴대용 SSD,저장 장치,14,179000,2506000,반품 검토,정기 주문
REC-001140,2025-03-01,제주,기획,고객 1140,헤드셋,음향 장치,1,129000,129000,결제 확인,정기 주문
REC-001141,2025-03-02,서울,운영,고객 1141,무선 키보드,입력 장치,8,89000,712000,처리 중,정기 주문
REC-001142,2025-03-03,부산,기획,고객 1142,27인치 모니터,디스플레이,15,329000,4935000,배송 준비,정기 주문
REC-001143,2025-03-04,대전,운영,고객 1143,USB-C 허브,주변 기기,2,49000,98000,배송 완료,정기 주문
REC-001144,2025-03-05,인천,기획,고객 1144,노트북 거치대,사무 용품,9,67000,603000,반품 검토,정기 주문
REC-001145,2025-03-06,광주,운영,고객 1145,웹캠,영상 장치,16,118000,1888000,결제 확인,정기 주문
REC-001146,2025-03-07,대구,기획,고객 1146,기계식 키보드,입력 장치,3,149000,447000,처리 중,정기 주문
REC-001147,2025-03-08,울산,운영,고객 1147,모니터 암,사무 용품,10,99000,990000,배송 준비,세금계산서 발행
REC-001148,2025-03-09,세종,기획,고객 1148,무선 마우스,입력 장치,17,59000,1003000,배송 완료,정기 주문
REC-001149,2025-03-10,경기,운영,고객 1149,휴대용 SSD,저장 장치,4,179000,716000,반품 검토,정기 주문
REC-001150,2025-03-11,강원,기획,고객 1150,헤드셋,음향 장치,11,129000,1419000,결제 확인,정기 주문
REC-001151,2025-03-12,충북,운영,고객 1151,무선 키보드,입력 장치,18,89000,1602000,처리 중,정기 주문
REC-001152,2025-03-13,제주,기획,고객 1152,27인치 모니터,디스플레이,5,329000,1645000,배송 준비,정기 주문
REC-001153,2025-03-14,서울,운영,고객 1153,USB-C 허브,주변 기기,12,49000,588000,배송 완료,정기 주문
REC-001154,2025-03-15,부산,기획,고객 1154,노트북 거치대,사무 용품,19,67000,1273000,반품 검토,정기 주문
REC-001155,2025-03-16,대전,운영,고객 1155,웹캠,영상 장치,6,118000,708000,결제 확인,정기 주문
REC-001156,2025-03-17,인천,기획,고객 1156,기계식 키보드,입력 장치,13,149000,1937000,처리 중,정기 주문
REC-001157,2025-03-18,광주,운영,고객 1157,모니터 암,사무 용품,20,99000,1980000,배송 준비,정기 주문
REC-001158,2025-03-19,대구,기획,고객 1158,무선 마우스,입력 장치,7,59000,413000,배송 완료,정기 주문
REC-001159,2025-03-20,울산,운영,고객 1159,휴대용 SSD,저장 장치,14,179000,2506000,반품 검토,정기 주문
REC-001160,2025-03-21,세종,기획,고객 1160,헤드셋,음향 장치,1,129000,129000,결제 확인,정기 주문
REC-001161,2025-03-22,경기,운영,고객 1161,무선 키보드,입력 장치,8,89000,712000,처리 중,정기 주문
REC-001162,2025-03-23,강원,기획,고객 1162,27인치 모니터,디스플레이,15,329000,4935000,배송 준비,정기 주문
REC-001163,2025-03-24,충북,운영,고객 1163,USB-C 허브,주변 기기,2,49000,98000,배송 완료,정기 주문
REC-001164,2025-03-25,제주,기획,고객 1164,노트북 거치대,사무 용품,9,67000,603000,반품 검토,"우선 처리, 오전 출고"
REC-001165,2025-03-26,서울,운영,고객 1165,웹캠,영상 장치,16,118000,1888000,결제 확인,정기 주문
REC-001166,2025-03-27,부산,기획,고객 1166,기계식 키보드,입력 장치,3,149000,447000,처리 중,정기 주문
REC-001167,2025-03-28,대전,운영,고객 1167,모니터 암,사무 용품,10,99000,990000,배송 준비,정기 주문
REC-001168,2025-03-29,인천,기획,고객 1168,무선 마우스,입력 장치,17,59000,1003000,배송 완료,정기 주문
REC-001169,2025-03-30,광주,운영,고객 1169,휴대용 SSD,저장 장치,4,179000,716000,반품 검토,정기 주문
REC-001170,2025-03-31,대구,기획,고객 1170,헤드셋,음향 장치,11,129000,1419000,결제 확인,정기 주문
REC-001171,2025-04-01,울산,운영,고객 1171,무선 키보드,입력 장치,18,89000,1602000,처리 중,정기 주문
REC-001172,2025-04-02,세종,기획,고객 1172,27인치 모니터,디스플레이,5,329000,1645000,배송 준비,정기 주문
REC-001173,2025-04-03,경기,운영,고객 1173,USB-C 허브,주변 기기,12,49000,588000,배송 완료,정기 주문
REC-001174,2025-04-04,강원,기획,고객 1174,노트북 거치대,사무 용품,19,67000,1273000,반품 검토,정기 주문
REC-001175,2025-04-05,충북,운영,고객 1175,웹캠,영상 장치,6,118000,708000,결제 확인,정기 주문
REC-001176,2025-04-06,제주,기획,고객 1176,기계식 키보드,입력 장치,13,149000,1937000,처리 중,정기 주문
REC-001177,2025-04-07,서울,운영,고객 1177,모니터 암,사무 용품,20,99000,1980000,배송 준비,정기 주문
REC-001178,2025-04-08,부산,기획,고객 1178,무선 마우스,입력 장치,7,59000,413000,배송 완료,세금계산서 발행
REC-001179,2025-04-09,대전,운영,고객 1179,휴대용 SSD,저장 장치,14,179000,2506000,반품 검토,정기 주문
REC-001180,2025-04-10,인천,기획,고객 1180,헤드셋,음향 장치,1,129000,129000,결제 확인,정기 주문
REC-001181,2025-04-11,광주,운영,고객 1181,무선 키보드,입력 장치,8,89000,712000,처리 중,정기 주문
REC-001182,2025-04-12,대구,기획,고객 1182,27인치 모니터,디스플레이,15,329000,4935000,배송 준비,정기 주문
REC-001183,2025-04-13,울산,운영,고객 1183,USB-C 허브,주변 기기,2,49000,98000,배송 완료,정기 주문
REC-001184,2025-04-14,세종,기획,고객 1184,노트북 거치대,사무 용품,9,67000,603000,반품 검토,정기 주문
REC-001185,2025-04-15,경기,운영,고객 1185,웹캠,영상 장치,16,118000,1888000,결제 확인,정기 주문
REC-001186,2025-04-16,강원,기획,고객 1186,기계식 키보드,입력 장치,3,149000,447000,처리 중,정기 주문
REC-001187,2025-04-17,충북,운영,고객 1187,모니터 암,사무 용품,10,99000,990000,배송 준비,정기 주문
REC-001188,2025-04-18,제주,기획,고객 1188,무선 마우스,입력 장치,17,59000,1003000,배송 완료,정기 주문
REC-001189,2025-04-19,서울,운영,고객 1189,휴대용 SSD,저장 장치,4,179000,716000,반품 검토,정기 주문
REC-001190,2025-04-20,부산,기획,고객 1190,헤드셋,음향 장치,11,129000,1419000,결제 확인,정기 주문
REC-001191,2025-04-21,대전,운영,고객 1191,무선 키보드,입력 장치,18,89000,1602000,처리 중,정기 주문
REC-001192,2025-04-22,인천,기획,고객 1192,27인치 모니터,디스플레이,5,329000,1645000,배송 준비,정기 주문
REC-001193,2025-04-23,광주,운영,고객 1193,USB-C 허브,주변 기기,12,49000,588000,배송 완료,정기 주문
REC-001194,2025-04-24,대구,기획,고객 1194,노트북 거치대,사무 용품,19,67000,1273000,반품 검토,정기 주문
REC-001195,2025-04-25,울산,운영,고객 1195,웹캠,영상 장치,6,118000,708000,결제 확인,정기 주문
REC-001196,2025-04-26,세종,기획,고객 1196,기계식 키보드,입력 장치,13,149000,1937000,처리 중,정기 주문
REC-001197,2025-04-27,경기,운영,고객 1197,모니터 암,사무 용품,20,99000,1980000,배송 준비,정기 주문
REC-001198,2025-04-28,강원,기획,고객 1198,무선 마우스,입력 장치,7,59000,413000,배송 완료,정기 주문
REC-001199,2025-04-29,충북,운영,고객 1199,휴대용 SSD,저장 장치,14,179000,2506000,반품 검토,정기 주문
REC-001200,2025-04-30,제주,기획,고객 1200,헤드셋,음향 장치,1,129000,129000,결제 확인,정기 주문
REC-001201,2025-05-01,서울,운영,고객 1201,무선 키보드,입력 장치,8,89000,712000,처리 중,정기 주문
REC-001202,2025-05-02,부산,기획,고객 1202,27인치 모니터,디스플레이,15,329000,4935000,배송 준비,정기 주문
REC-001203,2025-05-03,대전,운영,고객 1203,USB-C 허브,주변 기기,2,49000,98000,배송 완료,정기 주문
REC-001204,2025-05-04,인천,기획,고객 1204,노트북 거치대,사무 용품,9,67000,603000,반품 검토,정기 주문
REC-001205,2025-05-05,광주,운영,고객 1205,웹캠,영상 장치,16,118000,1888000,결제 확인,정기 주문
REC-001206,2025-05-06,대구,기획,고객 1206,기계식 키보드,입력 장치,3,149000,447000,처리 중,정기 주문
REC-001207,2025-05-07,울산,운영,고객 1207,모니터 암,사무 용품,10,99000,990000,배송 준비,정기 주문
REC-001208,2025-05-08,세종,기획,고객 1208,무선 마우스,입력 장치,17,59000,1003000,배송 완료,정기 주문
REC-001209,2025-05-09,경기,운영,고객 1209,휴대용 SSD,저장 장치,4,179000,716000,반품 검토,세금계산서 발행
REC-001210,2025-05-10,강원,기획,고객 1210,헤드셋,음향 장치,11,129000,1419000,결제 확인,정기 주문
REC-001211,2025-05-11,충북,운영,고객 1211,무선 키보드,입력 장치,18,89000,1602000,처리 중,정기 주문
REC-001212,2025-05-12,제주,기획,고객 1212,27인치 모니터,디스플레이,5,329000,1645000,배송 준비,정기 주문
REC-001213,2025-05-13,서울,운영,고객 1213,USB-C 허브,주변 기기,12,49000,588000,배송 완료,정기 주문
REC-001214,2025-05-14,부산,기획,고객 1214,노트북 거치대,사무 용품,19,67000,1273000,반품 검토,정기 주문
REC-001215,2025-05-15,대전,운영,고객 1215,웹캠,영상 장치,6,118000,708000,결제 확인,정기 주문
REC-001216,2025-05-16,인천,기획,고객 1216,기계식 키보드,입력 장치,13,149000,1937000,처리 중,정기 주문
REC-001217,2025-05-17,광주,운영,고객 1217,모니터 암,사무 용품,20,99000,1980000,배송 준비,정기 주문
REC-001218,2025-05-18,대구,기획,고객 1218,무선 마우스,입력 장치,7,59000,413000,배송 완료,정기 주문
REC-001219,2025-05-19,울산,운영,고객 1219,휴대용 SSD,저장 장치,14,179000,2506000,반품 검토,정기 주문
REC-001220,2025-05-20,세종,기획,고객 1220,헤드셋,음향 장치,1,129000,129000,결제 확인,정기 주문
REC-001221,2025-05-21,경기,운영,고객 1221,무선 키보드,입력 장치,8,89000,712000,처리 중,정기 주문
REC-001222,2025-05-22,강원,기획,고객 1222,27인치 모니터,디스플레이,15,329000,4935000,배송 준비,정기 주문
REC-001223,2025-05-23,충북,운영,고객 1223,USB-C 허브,주변 기기,2,49000,98000,배송 완료,정기 주문
REC-001224,2025-05-24,제주,기획,고객 1224,노트북 거치대,사무 용품,9,67000,603000,반품 검토,정기 주문
REC-001225,2025-05-25,서울,운영,고객 1225,웹캠,영상 장치,16,118000,1888000,결제 확인,정기 주문
REC-001226,2025-05-26,부산,기획,고객 1226,기계식 키보드,입력 장치,3,149000,447000,처리 중,정기 주문
REC-001227,2025-05-27,대전,운영,고객 1227,모니터 암,사무 용품,10,99000,990000,배송 준비,정기 주문
REC-001228,2025-05-28,인천,기획,고객 1228,무선 마우스,입력 장치,17,59000,1003000,배송 완료,정기 주문
REC-001229,2025-05-29,광주,운영,고객 1229,휴대용 SSD,저장 장치,4,179000,716000,반품 검토,정기 주문
REC-001230,2025-05-30,대구,기획,고객 1230,헤드셋,음향 장치,11,129000,1419000,결제 확인,정기 주문
REC-001231,2025-05-31,울산,운영,고객 1231,무선 키보드,입력 장치,18,89000,1602000,처리 중,정기 주문
REC-001232,2025-06-01,세종,기획,고객 1232,27인치 모니터,디스플레이,5,329000,1645000,배송 준비,정기 주문
REC-001233,2025-06-02,경기,운영,고객 1233,USB-C 허브,주변 기기,12,49000,588000,배송 완료,정기 주문
REC-001234,2025-06-03,강원,기획,고객 1234,노트북 거치대,사무 용품,19,67000,1273000,반품 검토,정기 주문
REC-001235,2025-06-04,충북,운영,고객 1235,웹캠,영상 장치,6,118000,708000,결제 확인,정기 주문
REC-001236,2025-06-05,제주,기획,고객 1236,기계식 키보드,입력 장치,13,149000,1937000,처리 중,정기 주문
REC-001237,2025-06-06,서울,운영,고객 1237,모니터 암,사무 용품,20,99000,1980000,배송 준비,정기 주문
REC-001238,2025-06-07,부산,기획,고객 1238,무선 마우스,입력 장치,7,59000,413000,배송 완료,정기 주문
REC-001239,2025-06-08,대전,운영,고객 1239,휴대용 SSD,저장 장치,14,179000,2506000,반품 검토,정기 주문
REC-001240,2025-06-09,인천,기획,고객 1240,헤드셋,음향 장치,1,129000,129000,결제 확인,세금계산서 발행
REC-001241,2025-06-10,광주,운영,고객 1241,무선 키보드,입력 장치,8,89000,712000,처리 중,정기 주문
REC-001242,2025-06-11,대구,기획,고객 1242,27인치 모니터,디스플레이,15,329000,4935000,배송 준비,정기 주문
REC-001243,2025-06-12,울산,운영,고객 1243,USB-C 허브,주변 기기,2,49000,98000,배송 완료,정기 주문
REC-001244,2025-06-13,세종,기획,고객 1244,노트북 거치대,사무 용품,9,67000,603000,반품 검토,정기 주문
REC-001245,2025-06-14,경기,운영,고객 1245,웹캠,영상 장치,16,118000,1888000,결제 확인,정기 주문
REC-001246,2025-06-15,강원,기획,고객 1246,기계식 키보드,입력 장치,3,149000,447000,처리 중,정기 주문
REC-001247,2025-06-16,충북,운영,고객 1247,모니터 암,사무 용품,10,99000,990000,배송 준비,정기 주문
REC-001248,2025-06-17,제주,기획,고객 1248,무선 마우스,입력 장치,17,59000,1003000,배송 완료,정기 주문
REC-001249,2025-06-18,서울,운영,고객 1249,휴대용 SSD,저장 장치,4,179000,716000,반품 검토,정기 주문
REC-001250,2025-06-19,부산,기획,고객 1250,헤드셋,음향 장치,11,129000,1419000,결제 확인,"분기 마감 주문, 담당자 ""재확인"" 필요"
REC-001251,2025-06-20,대전,운영,고객 1251,무선 키보드,입력 장치,18,89000,1602000,처리 중,정기 주문
REC-001252,2025-06-21,인천,기획,고객 1252,27인치 모니터,디스플레이,5,329000,1645000,배송 준비,정기 주문
REC-001253,2025-06-22,광주,운영,고객 1253,USB-C 허브,주변 기기,12,49000,588000,배송 완료,정기 주문
REC-001254,2025-06-23,대구,기획,고객 1254,노트북 거치대,사무 용품,19,67000,1273000,반품 검토,정기 주문
REC-001255,2025-06-24,울산,운영,고객 1255,웹캠,영상 장치,6,118000,708000,결제 확인,정기 주문
REC-001256,2025-06-25,세종,기획,고객 1256,기계식 키보드,입력 장치,13,149000,1937000,처리 중,정기 주문
REC-001257,2025-06-26,경기,운영,고객 1257,모니터 암,사무 용품,20,99000,1980000,배송 준비,정기 주문
REC-001258,2025-06-27,강원,기획,고객 1258,무선 마우스,입력 장치,7,59000,413000,배송 완료,정기 주문
REC-001259,2025-06-28,충북,운영,고객 1259,휴대용 SSD,저장 장치,14,179000,2506000,반품 검토,정기 주문
REC-001260,2025-06-29,제주,기획,고객 1260,헤드셋,음향 장치,1,129000,129000,결제 확인,정기 주문
REC-001261,2025-06-30,서울,운영,고객 1261,무선 키보드,입력 장치,8,89000,712000,처리 중,"우선 처리, 오전 출고"
REC-001262,2025-07-01,부산,기획,고객 1262,27인치 모니터,디스플레이,15,329000,4935000,배송 준비,정기 주문
REC-001263,2025-07-02,대전,운영,고객 1263,USB-C 허브,주변 기기,2,49000,98000,배송 완료,정기 주문
REC-001264,2025-07-03,인천,기획,고객 1264,노트북 거치대,사무 용품,9,67000,603000,반품 검토,정기 주문
REC-001265,2025-07-04,광주,운영,고객 1265,웹캠,영상 장치,16,118000,1888000,결제 확인,정기 주문
REC-001266,2025-07-05,대구,기획,고객 1266,기계식 키보드,입력 장치,3,149000,447000,처리 중,정기 주문
REC-001267,2025-07-06,울산,운영,고객 1267,모니터 암,사무 용품,10,99000,990000,배송 준비,정기 주문
REC-001268,2025-07-07,세종,기획,고객 1268,무선 마우스,입력 장치,17,59000,1003000,배송 완료,정기 주문
REC-001269,2025-07-08,경기,운영,고객 1269,휴대용 SSD,저장 장치,4,179000,716000,반품 검토,정기 주문
REC-001270,2025-07-09,강원,기획,고객 1270,헤드셋,음향 장치,11,129000,1419000,결제 확인,정기 주문
REC-001271,2025-07-10,충북,운영,고객 1271,무선 키보드,입력 장치,18,89000,1602000,처리 중,세금계산서 발행
REC-001272,2025-07-11,제주,기획,고객 1272,27인치 모니터,디스플레이,5,329000,1645000,배송 준비,정기 주문
REC-001273,2025-07-12,서울,운영,고객 1273,USB-C 허브,주변 기기,12,49000,588000,배송 완료,정기 주문
REC-001274,2025-07-13,부산,기획,고객 1274,노트북 거치대,사무 용품,19,67000,1273000,반품 검토,정기 주문
REC-001275,2025-07-14,대전,운영,고객 1275,웹캠,영상 장치,6,118000,708000,결제 확인,정기 주문
REC-001276,2025-07-15,인천,기획,고객 1276,기계식 키보드,입력 장치,13,149000,1937000,처리 중,정기 주문
REC-001277,2025-07-16,광주,운영,고객 1277,모니터 암,사무 용품,20,99000,1980000,배송 준비,정기 주문
REC-001278,2025-07-17,대구,기획,고객 1278,무선 마우스,입력 장치,7,59000,413000,배송 완료,정기 주문
REC-001279,2025-07-18,울산,운영,고객 1279,휴대용 SSD,저장 장치,14,179000,2506000,반품 검토,정기 주문
REC-001280,2025-07-19,세종,기획,고객 1280,헤드셋,음향 장치,1,129000,129000,결제 확인,정기 주문
REC-001281,2025-07-20,경기,운영,고객 1281,무선 키보드,입력 장치,8,89000,712000,처리 중,정기 주문
REC-001282,2025-07-21,강원,기획,고객 1282,27인치 모니터,디스플레이,15,329000,4935000,배송 준비,정기 주문
REC-001283,2025-07-22,충북,운영,고객 1283,USB-C 허브,주변 기기,2,49000,98000,배송 완료,정기 주문
REC-001284,2025-07-23,제주,기획,고객 1284,노트북 거치대,사무 용품,9,67000,603000,반품 검토,정기 주문
REC-001285,2025-07-24,서울,운영,고객 1285,웹캠,영상 장치,16,118000,1888000,결제 확인,정기 주문
REC-001286,2025-07-25,부산,기획,고객 1286,기계식 키보드,입력 장치,3,149000,447000,처리 중,정기 주문
REC-001287,2025-07-26,대전,운영,고객 1287,모니터 암,사무 용품,10,99000,990000,배송 준비,정기 주문
REC-001288,2025-07-27,인천,기획,고객 1288,무선 마우스,입력 장치,17,59000,1003000,배송 완료,정기 주문
REC-001289,2025-07-28,광주,운영,고객 1289,휴대용 SSD,저장 장치,4,179000,716000,반품 검토,정기 주문
REC-001290,2025-07-29,대구,기획,고객 1290,헤드셋,음향 장치,11,129000,1419000,결제 확인,정기 주문
REC-001291,2025-07-30,울산,운영,고객 1291,무선 키보드,입력 장치,18,89000,1602000,처리 중,정기 주문
REC-001292,2025-07-31,세종,기획,고객 1292,27인치 모니터,디스플레이,5,329000,1645000,배송 준비,정기 주문
REC-001293,2025-08-01,경기,운영,고객 1293,USB-C 허브,주변 기기,12,49000,588000,배송 완료,정기 주문
REC-001294,2025-08-02,강원,기획,고객 1294,노트북 거치대,사무 용품,19,67000,1273000,반품 검토,정기 주문
REC-001295,2025-08-03,충북,운영,고객 1295,웹캠,영상 장치,6,118000,708000,결제 확인,정기 주문
REC-001296,2025-08-04,제주,기획,고객 1296,기계식 키보드,입력 장치,13,149000,1937000,처리 중,정기 주문
REC-001297,2025-08-05,서울,운영,고객 1297,모니터 암,사무 용품,20,99000,1980000,배송 준비,정기 주문
REC-001298,2025-08-06,부산,기획,고객 1298,무선 마우스,입력 장치,7,59000,413000,배송 완료,정기 주문
REC-001299,2025-08-07,대전,운영,고객 1299,휴대용 SSD,저장 장치,14,179000,2506000,반품 검토,정기 주문
REC-001300,2025-08-08,인천,기획,고객 1300,헤드셋,음향 장치,1,129000,129000,결제 확인,정기 주문
REC-001301,2025-08-09,광주,운영,고객 1301,무선 키보드,입력 장치,8,89000,712000,처리 중,정기 주문
REC-001302,2025-08-10,대구,기획,고객 1302,27인치 모니터,디스플레이,15,329000,4935000,배송 준비,세금계산서 발행
REC-001303,2025-08-11,울산,운영,고객 1303,USB-C 허브,주변 기기,2,49000,98000,배송 완료,정기 주문
REC-001304,2025-08-12,세종,기획,고객 1304,노트북 거치대,사무 용품,9,67000,603000,반품 검토,정기 주문
REC-001305,2025-08-13,경기,운영,고객 1305,웹캠,영상 장치,16,118000,1888000,결제 확인,정기 주문
REC-001306,2025-08-14,강원,기획,고객 1306,기계식 키보드,입력 장치,3,149000,447000,처리 중,정기 주문
REC-001307,2025-08-15,충북,운영,고객 1307,모니터 암,사무 용품,10,99000,990000,배송 준비,정기 주문
REC-001308,2025-08-16,제주,기획,고객 1308,무선 마우스,입력 장치,17,59000,1003000,배송 완료,정기 주문
REC-001309,2025-08-17,서울,운영,고객 1309,휴대용 SSD,저장 장치,4,179000,716000,반품 검토,정기 주문
REC-001310,2025-08-18,부산,기획,고객 1310,헤드셋,음향 장치,11,129000,1419000,결제 확인,정기 주문
REC-001311,2025-08-19,대전,운영,고객 1311,무선 키보드,입력 장치,18,89000,1602000,처리 중,정기 주문
REC-001312,2025-08-20,인천,기획,고객 1312,27인치 모니터,디스플레이,5,329000,1645000,배송 준비,정기 주문
REC-001313,2025-08-21,광주,운영,고객 1313,USB-C 허브,주변 기기,12,49000,588000,배송 완료,정기 주문
REC-001314,2025-08-22,대구,기획,고객 1314,노트북 거치대,사무 용품,19,67000,1273000,반품 검토,정기 주문
REC-001315,2025-08-23,울산,운영,고객 1315,웹캠,영상 장치,6,118000,708000,결제 확인,정기 주문
REC-001316,2025-08-24,세종,기획,고객 1316,기계식 키보드,입력 장치,13,149000,1937000,처리 중,정기 주문
REC-001317,2025-08-25,경기,운영,고객 1317,모니터 암,사무 용품,20,99000,1980000,배송 준비,정기 주문
REC-001318,2025-08-26,강원,기획,고객 1318,무선 마우스,입력 장치,7,59000,413000,배송 완료,정기 주문
REC-001319,2025-08-27,충북,운영,고객 1319,휴대용 SSD,저장 장치,14,179000,2506000,반품 검토,정기 주문
REC-001320,2025-08-28,제주,기획,고객 1320,헤드셋,음향 장치,1,129000,129000,결제 확인,정기 주문
REC-001321,2025-08-29,서울,운영,고객 1321,무선 키보드,입력 장치,8,89000,712000,처리 중,정기 주문
REC-001322,2025-08-30,부산,기획,고객 1322,27인치 모니터,디스플레이,15,329000,4935000,배송 준비,정기 주문
REC-001323,2025-08-31,대전,운영,고객 1323,USB-C 허브,주변 기기,2,49000,98000,배송 완료,정기 주문
REC-001324,2025-09-01,인천,기획,고객 1324,노트북 거치대,사무 용품,9,67000,603000,반품 검토,정기 주문
REC-001325,2025-09-02,광주,운영,고객 1325,웹캠,영상 장치,16,118000,1888000,결제 확인,정기 주문
REC-001326,2025-09-03,대구,기획,고객 1326,기계식 키보드,입력 장치,3,149000,447000,처리 중,정기 주문
REC-001327,2025-09-04,울산,운영,고객 1327,모니터 암,사무 용품,10,99000,990000,배송 준비,정기 주문
REC-001328,2025-09-05,세종,기획,고객 1328,무선 마우스,입력 장치,17,59000,1003000,배송 완료,정기 주문
REC-001329,2025-09-06,경기,운영,고객 1329,휴대용 SSD,저장 장치,4,179000,716000,반품 검토,정기 주문
REC-001330,2025-09-07,강원,기획,고객 1330,헤드셋,음향 장치,11,129000,1419000,결제 확인,정기 주문
REC-001331,2025-09-08,충북,운영,고객 1331,무선 키보드,입력 장치,18,89000,1602000,처리 중,정기 주문
REC-001332,2025-09-09,제주,기획,고객 1332,27인치 모니터,디스플레이,5,329000,1645000,배송 준비,정기 주문
REC-001333,2025-09-10,서울,운영,고객 1333,USB-C 허브,주변 기기,12,49000,588000,배송 완료,세금계산서 발행
REC-001334,2025-09-11,부산,기획,고객 1334,노트북 거치대,사무 용품,19,67000,1273000,반품 검토,정기 주문
REC-001335,2025-09-12,대전,운영,고객 1335,웹캠,영상 장치,6,118000,708000,결제 확인,정기 주문
REC-001336,2025-09-13,인천,기획,고객 1336,기계식 키보드,입력 장치,13,149000,1937000,처리 중,정기 주문
REC-001337,2025-09-14,광주,운영,고객 1337,모니터 암,사무 용품,20,99000,1980000,배송 준비,정기 주문
REC-001338,2025-09-15,대구,기획,고객 1338,무선 마우스,입력 장치,7,59000,413000,배송 완료,정기 주문
REC-001339,2025-09-16,울산,운영,고객 1339,휴대용 SSD,저장 장치,14,179000,2506000,반품 검토,정기 주문
REC-001340,2025-09-17,세종,기획,고객 1340,헤드셋,음향 장치,1,129000,129000,결제 확인,정기 주문
REC-001341,2025-09-18,경기,운영,고객 1341,무선 키보드,입력 장치,8,89000,712000,처리 중,정기 주문
REC-001342,2025-09-19,강원,기획,고객 1342,27인치 모니터,디스플레이,15,329000,4935000,배송 준비,정기 주문
REC-001343,2025-09-20,충북,운영,고객 1343,USB-C 허브,주변 기기,2,49000,98000,배송 완료,정기 주문
REC-001344,2025-09-21,제주,기획,고객 1344,노트북 거치대,사무 용품,9,67000,603000,반품 검토,정기 주문
REC-001345,2025-09-22,서울,운영,고객 1345,웹캠,영상 장치,16,118000,1888000,결제 확인,정기 주문
REC-001346,2025-09-23,부산,기획,고객 1346,기계식 키보드,입력 장치,3,149000,447000,처리 중,정기 주문
REC-001347,2025-09-24,대전,운영,고객 1347,모니터 암,사무 용품,10,99000,990000,배송 준비,정기 주문
REC-001348,2025-09-25,인천,기획,고객 1348,무선 마우스,입력 장치,17,59000,1003000,배송 완료,정기 주문
REC-001349,2025-09-26,광주,운영,고객 1349,휴대용 SSD,저장 장치,4,179000,716000,반품 검토,정기 주문
REC-001350,2025-09-27,대구,기획,고객 1350,헤드셋,음향 장치,11,129000,1419000,결제 확인,정기 주문
REC-001351,2025-09-28,울산,운영,고객 1351,무선 키보드,입력 장치,18,89000,1602000,처리 중,정기 주문
REC-001352,2025-09-29,세종,기획,고객 1352,27인치 모니터,디스플레이,5,329000,1645000,배송 준비,정기 주문
REC-001353,2025-09-30,경기,운영,고객 1353,USB-C 허브,주변 기기,12,49000,588000,배송 완료,정기 주문
REC-001354,2025-10-01,강원,기획,고객 1354,노트북 거치대,사무 용품,19,67000,1273000,반품 검토,정기 주문
REC-001355,2025-10-02,충북,운영,고객 1355,웹캠,영상 장치,6,118000,708000,결제 확인,정기 주문
REC-001356,2025-10-03,제주,기획,고객 1356,기계식 키보드,입력 장치,13,149000,1937000,처리 중,정기 주문
REC-001357,2025-10-04,서울,운영,고객 1357,모니터 암,사무 용품,20,99000,1980000,배송 준비,정기 주문
REC-001358,2025-10-05,부산,기획,고객 1358,무선 마우스,입력 장치,7,59000,413000,배송 완료,"우선 처리, 오전 출고"
REC-001359,2025-10-06,대전,운영,고객 1359,휴대용 SSD,저장 장치,14,179000,2506000,반품 검토,정기 주문
REC-001360,2025-10-07,인천,기획,고객 1360,헤드셋,음향 장치,1,129000,129000,결제 확인,정기 주문
REC-001361,2025-10-08,광주,운영,고객 1361,무선 키보드,입력 장치,8,89000,712000,처리 중,정기 주문
REC-001362,2025-10-09,대구,기획,고객 1362,27인치 모니터,디스플레이,15,329000,4935000,배송 준비,정기 주문
REC-001363,2025-10-10,울산,운영,고객 1363,USB-C 허브,주변 기기,2,49000,98000,배송 완료,정기 주문
REC-001364,2025-10-11,세종,기획,고객 1364,노트북 거치대,사무 용품,9,67000,603000,반품 검토,세금계산서 발행
REC-001365,2025-10-12,경기,운영,고객 1365,웹캠,영상 장치,16,118000,1888000,결제 확인,정기 주문
REC-001366,2025-10-13,강원,기획,고객 1366,기계식 키보드,입력 장치,3,149000,447000,처리 중,정기 주문
REC-001367,2025-10-14,충북,운영,고객 1367,모니터 암,사무 용품,10,99000,990000,배송 준비,정기 주문
REC-001368,2025-10-15,제주,기획,고객 1368,무선 마우스,입력 장치,17,59000,1003000,배송 완료,정기 주문
REC-001369,2025-10-16,서울,운영,고객 1369,휴대용 SSD,저장 장치,4,179000,716000,반품 검토,정기 주문
REC-001370,2025-10-17,부산,기획,고객 1370,헤드셋,음향 장치,11,129000,1419000,결제 확인,정기 주문
REC-001371,2025-10-18,대전,운영,고객 1371,무선 키보드,입력 장치,18,89000,1602000,처리 중,정기 주문
REC-001372,2025-10-19,인천,기획,고객 1372,27인치 모니터,디스플레이,5,329000,1645000,배송 준비,정기 주문
REC-001373,2025-10-20,광주,운영,고객 1373,USB-C 허브,주변 기기,12,49000,588000,배송 완료,정기 주문
REC-001374,2025-10-21,대구,기획,고객 1374,노트북 거치대,사무 용품,19,67000,1273000,반품 검토,정기 주문
REC-001375,2025-10-22,울산,운영,고객 1375,웹캠,영상 장치,6,118000,708000,결제 확인,정기 주문
REC-001376,2025-10-23,세종,기획,고객 1376,기계식 키보드,입력 장치,13,149000,1937000,처리 중,정기 주문
REC-001377,2025-10-24,경기,운영,고객 1377,모니터 암,사무 용품,20,99000,1980000,배송 준비,정기 주문
REC-001378,2025-10-25,강원,기획,고객 1378,무선 마우스,입력 장치,7,59000,413000,배송 완료,정기 주문
REC-001379,2025-10-26,충북,운영,고객 1379,휴대용 SSD,저장 장치,14,179000,2506000,반품 검토,정기 주문
REC-001380,2025-10-27,제주,기획,고객 1380,헤드셋,음향 장치,1,129000,129000,결제 확인,정기 주문
REC-001381,2025-10-28,서울,운영,고객 1381,무선 키보드,입력 장치,8,89000,712000,처리 중,정기 주문
REC-001382,2025-10-29,부산,기획,고객 1382,27인치 모니터,디스플레이,15,329000,4935000,배송 준비,정기 주문
REC-001383,2025-10-30,대전,운영,고객 1383,USB-C 허브,주변 기기,2,49000,98000,배송 완료,정기 주문
REC-001384,2025-10-31,인천,기획,고객 1384,노트북 거치대,사무 용품,9,67000,603000,반품 검토,정기 주문
REC-001385,2025-11-01,광주,운영,고객 1385,웹캠,영상 장치,16,118000,1888000,결제 확인,정기 주문
REC-001386,2025-11-02,대구,기획,고객 1386,기계식 키보드,입력 장치,3,149000,447000,처리 중,정기 주문
REC-001387,2025-11-03,울산,운영,고객 1387,모니터 암,사무 용품,10,99000,990000,배송 준비,정기 주문
REC-001388,2025-11-04,세종,기획,고객 1388,무선 마우스,입력 장치,17,59000,1003000,배송 완료,정기 주문
REC-001389,2025-11-05,경기,운영,고객 1389,휴대용 SSD,저장 장치,4,179000,716000,반품 검토,정기 주문
REC-001390,2025-11-06,강원,기획,고객 1390,헤드셋,음향 장치,11,129000,1419000,결제 확인,정기 주문
REC-001391,2025-11-07,충북,운영,고객 1391,무선 키보드,입력 장치,18,89000,1602000,처리 중,정기 주문
REC-001392,2025-11-08,제주,기획,고객 1392,27인치 모니터,디스플레이,5,329000,1645000,배송 준비,정기 주문
REC-001393,2025-11-09,서울,운영,고객 1393,USB-C 허브,주변 기기,12,49000,588000,배송 완료,정기 주문
REC-001394,2025-11-10,부산,기획,고객 1394,노트북 거치대,사무 용품,19,67000,1273000,반품 검토,정기 주문
REC-001395,2025-11-11,대전,운영,고객 1395,웹캠,영상 장치,6,118000,708000,결제 확인,세금계산서 발행
REC-001396,2025-11-12,인천,기획,고객 1396,기계식 키보드,입력 장치,13,149000,1937000,처리 중,정기 주문
REC-001397,2025-11-13,광주,운영,고객 1397,모니터 암,사무 용품,20,99000,1980000,배송 준비,정기 주문
REC-001398,2025-11-14,대구,기획,고객 1398,무선 마우스,입력 장치,7,59000,413000,배송 완료,정기 주문
REC-001399,2025-11-15,울산,운영,고객 1399,휴대용 SSD,저장 장치,14,179000,2506000,반품 검토,정기 주문
REC-001400,2025-11-16,세종,기획,고객 1400,헤드셋,음향 장치,1,129000,129000,결제 확인,정기 주문
REC-001401,2025-11-17,경기,운영,고객 1401,무선 키보드,입력 장치,8,89000,712000,처리 중,정기 주문
REC-001402,2025-11-18,강원,기획,고객 1402,27인치 모니터,디스플레이,15,329000,4935000,배송 준비,정기 주문
REC-001403,2025-11-19,충북,운영,고객 1403,USB-C 허브,주변 기기,2,49000,98000,배송 완료,정기 주문
REC-001404,2025-11-20,제주,기획,고객 1404,노트북 거치대,사무 용품,9,67000,603000,반품 검토,정기 주문
REC-001405,2025-11-21,서울,운영,고객 1405,웹캠,영상 장치,16,118000,1888000,결제 확인,정기 주문
REC-001406,2025-11-22,부산,기획,고객 1406,기계식 키보드,입력 장치,3,149000,447000,처리 중,정기 주문
REC-001407,2025-11-23,대전,운영,고객 1407,모니터 암,사무 용품,10,99000,990000,배송 준비,정기 주문
REC-001408,2025-11-24,인천,기획,고객 1408,무선 마우스,입력 장치,17,59000,1003000,배송 완료,정기 주문
REC-001409,2025-11-25,광주,운영,고객 1409,휴대용 SSD,저장 장치,4,179000,716000,반품 검토,정기 주문
REC-001410,2025-11-26,대구,기획,고객 1410,헤드셋,음향 장치,11,129000,1419000,결제 확인,정기 주문
REC-001411,2025-11-27,울산,운영,고객 1411,무선 키보드,입력 장치,18,89000,1602000,처리 중,정기 주문
REC-001412,2025-11-28,세종,기획,고객 1412,27인치 모니터,디스플레이,5,329000,1645000,배송 준비,정기 주문
REC-001413,2025-11-29,경기,운영,고객 1413,USB-C 허브,주변 기기,12,49000,588000,배송 완료,정기 주문
REC-001414,2025-11-30,강원,기획,고객 1414,노트북 거치대,사무 용품,19,67000,1273000,반품 검토,정기 주문
REC-001415,2025-12-01,충북,운영,고객 1415,웹캠,영상 장치,6,118000,708000,결제 확인,정기 주문
REC-001416,2025-12-02,제주,기획,고객 1416,기계식 키보드,입력 장치,13,149000,1937000,처리 중,정기 주문
REC-001417,2025-12-03,서울,운영,고객 1417,모니터 암,사무 용품,20,99000,1980000,배송 준비,정기 주문
REC-001418,2025-12-04,부산,기획,고객 1418,무선 마우스,입력 장치,7,59000,413000,배송 완료,정기 주문
REC-001419,2025-12-05,대전,운영,고객 1419,휴대용 SSD,저장 장치,14,179000,2506000,반품 검토,정기 주문
REC-001420,2025-12-06,인천,기획,고객 1420,헤드셋,음향 장치,1,129000,129000,결제 확인,정기 주문
REC-001421,2025-12-07,광주,운영,고객 1421,무선 키보드,입력 장치,8,89000,712000,처리 중,정기 주문
REC-001422,2025-12-08,대구,기획,고객 1422,27인치 모니터,디스플레이,15,329000,4935000,배송 준비,정기 주문
REC-001423,2025-12-09,울산,운영,고객 1423,USB-C 허브,주변 기기,2,49000,98000,배송 완료,정기 주문
REC-001424,2025-12-10,세종,기획,고객 1424,노트북 거치대,사무 용품,9,67000,603000,반품 검토,정기 주문
REC-001425,2025-12-11,경기,운영,고객 1425,웹캠,영상 장치,16,118000,1888000,결제 확인,정기 주문
REC-001426,2025-12-12,강원,기획,고객 1426,기계식 키보드,입력 장치,3,149000,447000,처리 중,세금계산서 발행
REC-001427,2025-12-13,충북,운영,고객 1427,모니터 암,사무 용품,10,99000,990000,배송 준비,정기 주문
REC-001428,2025-12-14,제주,기획,고객 1428,무선 마우스,입력 장치,17,59000,1003000,배송 완료,정기 주문
REC-001429,2025-12-15,서울,운영,고객 1429,휴대용 SSD,저장 장치,4,179000,716000,반품 검토,정기 주문
REC-001430,2025-12-16,부산,기획,고객 1430,헤드셋,음향 장치,11,129000,1419000,결제 확인,정기 주문
REC-001431,2025-12-17,대전,운영,고객 1431,무선 키보드,입력 장치,18,89000,1602000,처리 중,정기 주문
REC-001432,2025-12-18,인천,기획,고객 1432,27인치 모니터,디스플레이,5,329000,1645000,배송 준비,정기 주문
REC-001433,2025-12-19,광주,운영,고객 1433,USB-C 허브,주변 기기,12,49000,588000,배송 완료,정기 주문
REC-001434,2025-12-20,대구,기획,고객 1434,노트북 거치대,사무 용품,19,67000,1273000,반품 검토,정기 주문
REC-001435,2025-12-21,울산,운영,고객 1435,웹캠,영상 장치,6,118000,708000,결제 확인,정기 주문
REC-001436,2025-12-22,세종,기획,고객 1436,기계식 키보드,입력 장치,13,149000,1937000,처리 중,정기 주문
REC-001437,2025-12-23,경기,운영,고객 1437,모니터 암,사무 용품,20,99000,1980000,배송 준비,정기 주문
REC-001438,2025-12-24,강원,기획,고객 1438,무선 마우스,입력 장치,7,59000,413000,배송 완료,정기 주문
REC-001439,2025-12-25,충북,운영,고객 1439,휴대용 SSD,저장 장치,14,179000,2506000,반품 검토,정기 주문
REC-001440,2025-12-26,제주,기획,고객 1440,헤드셋,음향 장치,1,129000,129000,결제 확인,정기 주문
REC-001441,2025-12-27,서울,운영,고객 1441,무선 키보드,입력 장치,8,89000,712000,처리 중,정기 주문
REC-001442,2025-12-28,부산,기획,고객 1442,27인치 모니터,디스플레이,15,329000,4935000,배송 준비,정기 주문
REC-001443,2025-12-29,대전,운영,고객 1443,USB-C 허브,주변 기기,2,49000,98000,배송 완료,정기 주문
REC-001444,2025-12-30,인천,기획,고객 1444,노트북 거치대,사무 용품,9,67000,603000,반품 검토,정기 주문
REC-001445,2025-12-31,광주,운영,고객 1445,웹캠,영상 장치,16,118000,1888000,결제 확인,정기 주문
REC-001446,2026-01-01,대구,기획,고객 1446,기계식 키보드,입력 장치,3,149000,447000,처리 중,정기 주문
REC-001447,2026-01-02,울산,운영,고객 1447,모니터 암,사무 용품,10,99000,990000,배송 준비,정기 주문
REC-001448,2026-01-03,세종,기획,고객 1448,무선 마우스,입력 장치,17,59000,1003000,배송 완료,정기 주문
REC-001449,2026-01-04,경기,운영,고객 1449,휴대용 SSD,저장 장치,4,179000,716000,반품 검토,정기 주문
REC-001450,2026-01-05,강원,기획,고객 1450,헤드셋,음향 장치,11,129000,1419000,결제 확인,정기 주문
REC-001451,2026-01-06,충북,운영,고객 1451,무선 키보드,입력 장치,18,89000,1602000,처리 중,정기 주문
REC-001452,2026-01-07,제주,기획,고객 1452,27인치 모니터,디스플레이,5,329000,1645000,배송 준비,정기 주문
REC-001453,2026-01-08,서울,운영,고객 1453,USB-C 허브,주변 기기,12,49000,588000,배송 완료,정기 주문
REC-001454,2026-01-09,부산,기획,고객 1454,노트북 거치대,사무 용품,19,67000,1273000,반품 검토,정기 주문
REC-001455,2026-01-10,대전,운영,고객 1455,웹캠,영상 장치,6,118000,708000,결제 확인,"우선 처리, 오전 출고"
REC-001456,2026-01-11,인천,기획,고객 1456,기계식 키보드,입력 장치,13,149000,1937000,처리 중,정기 주문
REC-001457,2026-01-12,광주,운영,고객 1457,모니터 암,사무 용품,20,99000,1980000,배송 준비,세금계산서 발행
REC-001458,2026-01-13,대구,기획,고객 1458,무선 마우스,입력 장치,7,59000,413000,배송 완료,정기 주문
REC-001459,2026-01-14,울산,운영,고객 1459,휴대용 SSD,저장 장치,14,179000,2506000,반품 검토,정기 주문
REC-001460,2026-01-15,세종,기획,고객 1460,헤드셋,음향 장치,1,129000,129000,결제 확인,정기 주문
REC-001461,2026-01-16,경기,운영,고객 1461,무선 키보드,입력 장치,8,89000,712000,처리 중,정기 주문
REC-001462,2026-01-17,강원,기획,고객 1462,27인치 모니터,디스플레이,15,329000,4935000,배송 준비,정기 주문
REC-001463,2026-01-18,충북,운영,고객 1463,USB-C 허브,주변 기기,2,49000,98000,배송 완료,정기 주문
REC-001464,2026-01-19,제주,기획,고객 1464,노트북 거치대,사무 용품,9,67000,603000,반품 검토,정기 주문
REC-001465,2026-01-20,서울,운영,고객 1465,웹캠,영상 장치,16,118000,1888000,결제 확인,정기 주문
REC-001466,2026-01-21,부산,기획,고객 1466,기계식 키보드,입력 장치,3,149000,447000,처리 중,정기 주문
REC-001467,2026-01-22,대전,운영,고객 1467,모니터 암,사무 용품,10,99000,990000,배송 준비,정기 주문
REC-001468,2026-01-23,인천,기획,고객 1468,무선 마우스,입력 장치,17,59000,1003000,배송 완료,정기 주문
REC-001469,2026-01-24,광주,운영,고객 1469,휴대용 SSD,저장 장치,4,179000,716000,반품 검토,정기 주문
REC-001470,2026-01-25,대구,기획,고객 1470,헤드셋,음향 장치,11,129000,1419000,결제 확인,정기 주문
REC-001471,2026-01-26,울산,운영,고객 1471,무선 키보드,입력 장치,18,89000,1602000,처리 중,정기 주문
REC-001472,2026-01-27,세종,기획,고객 1472,27인치 모니터,디스플레이,5,329000,1645000,배송 준비,정기 주문
REC-001473,2026-01-28,경기,운영,고객 1473,USB-C 허브,주변 기기,12,49000,588000,배송 완료,정기 주문
REC-001474,2026-01-29,강원,기획,고객 1474,노트북 거치대,사무 용품,19,67000,1273000,반품 검토,정기 주문
REC-001475,2026-01-30,충북,운영,고객 1475,웹캠,영상 장치,6,118000,708000,결제 확인,정기 주문
REC-001476,2026-01-31,제주,기획,고객 1476,기계식 키보드,입력 장치,13,149000,1937000,처리 중,정기 주문
REC-001477,2026-02-01,서울,운영,고객 1477,모니터 암,사무 용품,20,99000,1980000,배송 준비,정기 주문
REC-001478,2026-02-02,부산,기획,고객 1478,무선 마우스,입력 장치,7,59000,413000,배송 완료,정기 주문
REC-001479,2026-02-03,대전,운영,고객 1479,휴대용 SSD,저장 장치,14,179000,2506000,반품 검토,정기 주문
REC-001480,2026-02-04,인천,기획,고객 1480,헤드셋,음향 장치,1,129000,129000,결제 확인,정기 주문
REC-001481,2026-02-05,광주,운영,고객 1481,무선 키보드,입력 장치,8,89000,712000,처리 중,정기 주문
REC-001482,2026-02-06,대구,기획,고객 1482,27인치 모니터,디스플레이,15,329000,4935000,배송 준비,정기 주문
REC-001483,2026-02-07,울산,운영,고객 1483,USB-C 허브,주변 기기,2,49000,98000,배송 완료,정기 주문
REC-001484,2026-02-08,세종,기획,고객 1484,노트북 거치대,사무 용품,9,67000,603000,반품 검토,정기 주문
REC-001485,2026-02-09,경기,운영,고객 1485,웹캠,영상 장치,16,118000,1888000,결제 확인,정기 주문
REC-001486,2026-02-10,강원,기획,고객 1486,기계식 키보드,입력 장치,3,149000,447000,처리 중,정기 주문
REC-001487,2026-02-11,충북,운영,고객 1487,모니터 암,사무 용품,10,99000,990000,배송 준비,정기 주문
REC-001488,2026-02-12,제주,기획,고객 1488,무선 마우스,입력 장치,17,59000,1003000,배송 완료,세금계산서 발행
REC-001489,2026-02-13,서울,운영,고객 1489,휴대용 SSD,저장 장치,4,179000,716000,반품 검토,정기 주문
REC-001490,2026-02-14,부산,기획,고객 1490,헤드셋,음향 장치,11,129000,1419000,결제 확인,정기 주문
REC-001491,2026-02-15,대전,운영,고객 1491,무선 키보드,입력 장치,18,89000,1602000,처리 중,정기 주문
REC-001492,2026-02-16,인천,기획,고객 1492,27인치 모니터,디스플레이,5,329000,1645000,배송 준비,정기 주문
REC-001493,2026-02-17,광주,운영,고객 1493,USB-C 허브,주변 기기,12,49000,588000,배송 완료,정기 주문
REC-001494,2026-02-18,대구,기획,고객 1494,노트북 거치대,사무 용품,19,67000,1273000,반품 검토,정기 주문
REC-001495,2026-02-19,울산,운영,고객 1495,웹캠,영상 장치,6,118000,708000,결제 확인,정기 주문
REC-001496,2026-02-20,세종,기획,고객 1496,기계식 키보드,입력 장치,13,149000,1937000,처리 중,정기 주문
REC-001497,2026-02-21,경기,운영,고객 1497,모니터 암,사무 용품,20,99000,1980000,배송 준비,정기 주문
REC-001498,2026-02-22,강원,기획,고객 1498,무선 마우스,입력 장치,7,59000,413000,배송 완료,정기 주문
REC-001499,2026-02-23,충북,운영,고객 1499,휴대용 SSD,저장 장치,14,179000,2506000,반품 검토,정기 주문
REC-001500,2026-02-24,제주,기획,고객 1500,헤드셋,음향 장치,1,129000,129000,결제 확인,"분기 마감 주문, 담당자 ""재확인"" 필요"
REC-001501,2026-02-25,서울,운영,고객 1501,무선 키보드,입력 장치,8,89000,712000,처리 중,정기 주문
REC-001502,2026-02-26,부산,기획,고객 1502,27인치 모니터,디스플레이,15,329000,4935000,배송 준비,정기 주문
REC-001503,2026-02-27,대전,운영,고객 1503,USB-C 허브,주변 기기,2,49000,98000,배송 완료,정기 주문
REC-001504,2026-02-28,인천,기획,고객 1504,노트북 거치대,사무 용품,9,67000,603000,반품 검토,정기 주문
REC-001505,2026-03-01,광주,운영,고객 1505,웹캠,영상 장치,16,118000,1888000,결제 확인,정기 주문
REC-001506,2026-03-02,대구,기획,고객 1506,기계식 키보드,입력 장치,3,149000,447000,처리 중,정기 주문
REC-001507,2026-03-03,울산,운영,고객 1507,모니터 암,사무 용품,10,99000,990000,배송 준비,정기 주문
REC-001508,2026-03-04,세종,기획,고객 1508,무선 마우스,입력 장치,17,59000,1003000,배송 완료,정기 주문
REC-001509,2026-03-05,경기,운영,고객 1509,휴대용 SSD,저장 장치,4,179000,716000,반품 검토,정기 주문
REC-001510,2026-03-06,강원,기획,고객 1510,헤드셋,음향 장치,11,129000,1419000,결제 확인,정기 주문
REC-001511,2026-03-07,충북,운영,고객 1511,무선 키보드,입력 장치,18,89000,1602000,처리 중,정기 주문
REC-001512,2026-03-08,제주,기획,고객 1512,27인치 모니터,디스플레이,5,329000,1645000,배송 준비,정기 주문
REC-001513,2026-03-09,서울,운영,고객 1513,USB-C 허브,주변 기기,12,49000,588000,배송 완료,정기 주문
REC-001514,2026-03-10,부산,기획,고객 1514,노트북 거치대,사무 용품,19,67000,1273000,반품 검토,정기 주문
REC-001515,2026-03-11,대전,운영,고객 1515,웹캠,영상 장치,6,118000,708000,결제 확인,정기 주문
REC-001516,2026-03-12,인천,기획,고객 1516,기계식 키보드,입력 장치,13,149000,1937000,처리 중,정기 주문
REC-001517,2026-03-13,광주,운영,고객 1517,모니터 암,사무 용품,20,99000,1980000,배송 준비,정기 주문
REC-001518,2026-03-14,대구,기획,고객 1518,무선 마우스,입력 장치,7,59000,413000,배송 완료,정기 주문
REC-001519,2026-03-15,울산,운영,고객 1519,휴대용 SSD,저장 장치,14,179000,2506000,반품 검토,세금계산서 발행
REC-001520,2026-03-16,세종,기획,고객 1520,헤드셋,음향 장치,1,129000,129000,결제 확인,정기 주문
REC-001521,2026-03-17,경기,운영,고객 1521,무선 키보드,입력 장치,8,89000,712000,처리 중,정기 주문
REC-001522,2026-03-18,강원,기획,고객 1522,27인치 모니터,디스플레이,15,329000,4935000,배송 준비,정기 주문
REC-001523,2026-03-19,충북,운영,고객 1523,USB-C 허브,주변 기기,2,49000,98000,배송 완료,정기 주문
REC-001524,2026-03-20,제주,기획,고객 1524,노트북 거치대,사무 용품,9,67000,603000,반품 검토,정기 주문
REC-001525,2026-03-21,서울,운영,고객 1525,웹캠,영상 장치,16,118000,1888000,결제 확인,정기 주문
REC-001526,2026-03-22,부산,기획,고객 1526,기계식 키보드,입력 장치,3,149000,447000,처리 중,정기 주문
REC-001527,2026-03-23,대전,운영,고객 1527,모니터 암,사무 용품,10,99000,990000,배송 준비,정기 주문
REC-001528,2026-03-24,인천,기획,고객 1528,무선 마우스,입력 장치,17,59000,1003000,배송 완료,정기 주문
REC-001529,2026-03-25,광주,운영,고객 1529,휴대용 SSD,저장 장치,4,179000,716000,반품 검토,정기 주문
REC-001530,2026-03-26,대구,기획,고객 1530,헤드셋,음향 장치,11,129000,1419000,결제 확인,정기 주문
REC-001531,2026-03-27,울산,운영,고객 1531,무선 키보드,입력 장치,18,89000,1602000,처리 중,정기 주문
REC-001532,2026-03-28,세종,기획,고객 1532,27인치 모니터,디스플레이,5,329000,1645000,배송 준비,정기 주문
REC-001533,2026-03-29,경기,운영,고객 1533,USB-C 허브,주변 기기,12,49000,588000,배송 완료,정기 주문
REC-001534,2026-03-30,강원,기획,고객 1534,노트북 거치대,사무 용품,19,67000,1273000,반품 검토,정기 주문
REC-001535,2026-03-31,충북,운영,고객 1535,웹캠,영상 장치,6,118000,708000,결제 확인,정기 주문
REC-001536,2026-04-01,제주,기획,고객 1536,기계식 키보드,입력 장치,13,149000,1937000,처리 중,정기 주문
REC-001537,2026-04-02,서울,운영,고객 1537,모니터 암,사무 용품,20,99000,1980000,배송 준비,정기 주문
REC-001538,2026-04-03,부산,기획,고객 1538,무선 마우스,입력 장치,7,59000,413000,배송 완료,정기 주문
REC-001539,2026-04-04,대전,운영,고객 1539,휴대용 SSD,저장 장치,14,179000,2506000,반품 검토,정기 주문
REC-001540,2026-04-05,인천,기획,고객 1540,헤드셋,음향 장치,1,129000,129000,결제 확인,정기 주문
REC-001541,2026-04-06,광주,운영,고객 1541,무선 키보드,입력 장치,8,89000,712000,처리 중,정기 주문
REC-001542,2026-04-07,대구,기획,고객 1542,27인치 모니터,디스플레이,15,329000,4935000,배송 준비,정기 주문
REC-001543,2026-04-08,울산,운영,고객 1543,USB-C 허브,주변 기기,2,49000,98000,배송 완료,정기 주문
REC-001544,2026-04-09,세종,기획,고객 1544,노트북 거치대,사무 용품,9,67000,603000,반품 검토,정기 주문
REC-001545,2026-04-10,경기,운영,고객 1545,웹캠,영상 장치,16,118000,1888000,결제 확인,정기 주문
REC-001546,2026-04-11,강원,기획,고객 1546,기계식 키보드,입력 장치,3,149000,447000,처리 중,정기 주문
REC-001547,2026-04-12,충북,운영,고객 1547,모니터 암,사무 용품,10,99000,990000,배송 준비,정기 주문
REC-001548,2026-04-13,제주,기획,고객 1548,무선 마우스,입력 장치,17,59000,1003000,배송 완료,정기 주문
REC-001549,2026-04-14,서울,운영,고객 1549,휴대용 SSD,저장 장치,4,179000,716000,반품 검토,정기 주문
REC-001550,2026-04-15,부산,기획,고객 1550,헤드셋,음향 장치,11,129000,1419000,결제 확인,세금계산서 발행
REC-001551,2026-04-16,대전,운영,고객 1551,무선 키보드,입력 장치,18,89000,1602000,처리 중,정기 주문
REC-001552,2026-04-17,인천,기획,고객 1552,27인치 모니터,디스플레이,5,329000,1645000,배송 준비,"우선 처리, 오전 출고"
REC-001553,2026-04-18,광주,운영,고객 1553,USB-C 허브,주변 기기,12,49000,588000,배송 완료,정기 주문
REC-001554,2026-04-19,대구,기획,고객 1554,노트북 거치대,사무 용품,19,67000,1273000,반품 검토,정기 주문
REC-001555,2026-04-20,울산,운영,고객 1555,웹캠,영상 장치,6,118000,708000,결제 확인,정기 주문
REC-001556,2026-04-21,세종,기획,고객 1556,기계식 키보드,입력 장치,13,149000,1937000,처리 중,정기 주문
REC-001557,2026-04-22,경기,운영,고객 1557,모니터 암,사무 용품,20,99000,1980000,배송 준비,정기 주문
REC-001558,2026-04-23,강원,기획,고객 1558,무선 마우스,입력 장치,7,59000,413000,배송 완료,정기 주문
REC-001559,2026-04-24,충북,운영,고객 1559,휴대용 SSD,저장 장치,14,179000,2506000,반품 검토,정기 주문
REC-001560,2026-04-25,제주,기획,고객 1560,헤드셋,음향 장치,1,129000,129000,결제 확인,정기 주문
REC-001561,2026-04-26,서울,운영,고객 1561,무선 키보드,입력 장치,8,89000,712000,처리 중,정기 주문
REC-001562,2026-04-27,부산,기획,고객 1562,27인치 모니터,디스플레이,15,329000,4935000,배송 준비,정기 주문
REC-001563,2026-04-28,대전,운영,고객 1563,USB-C 허브,주변 기기,2,49000,98000,배송 완료,정기 주문
REC-001564,2026-04-29,인천,기획,고객 1564,노트북 거치대,사무 용품,9,67000,603000,반품 검토,정기 주문
REC-001565,2026-04-30,광주,운영,고객 1565,웹캠,영상 장치,16,118000,1888000,결제 확인,정기 주문
REC-001566,2026-05-01,대구,기획,고객 1566,기계식 키보드,입력 장치,3,149000,447000,처리 중,정기 주문
REC-001567,2026-05-02,울산,운영,고객 1567,모니터 암,사무 용품,10,99000,990000,배송 준비,정기 주문
REC-001568,2026-05-03,세종,기획,고객 1568,무선 마우스,입력 장치,17,59000,1003000,배송 완료,정기 주문
REC-001569,2026-05-04,경기,운영,고객 1569,휴대용 SSD,저장 장치,4,179000,716000,반품 검토,정기 주문
REC-001570,2026-05-05,강원,기획,고객 1570,헤드셋,음향 장치,11,129000,1419000,결제 확인,정기 주문
REC-001571,2026-05-06,충북,운영,고객 1571,무선 키보드,입력 장치,18,89000,1602000,처리 중,정기 주문
REC-001572,2026-05-07,제주,기획,고객 1572,27인치 모니터,디스플레이,5,329000,1645000,배송 준비,정기 주문
REC-001573,2026-05-08,서울,운영,고객 1573,USB-C 허브,주변 기기,12,49000,588000,배송 완료,정기 주문
REC-001574,2026-05-09,부산,기획,고객 1574,노트북 거치대,사무 용품,19,67000,1273000,반품 검토,정기 주문
REC-001575,2026-05-10,대전,운영,고객 1575,웹캠,영상 장치,6,118000,708000,결제 확인,정기 주문
REC-001576,2026-05-11,인천,기획,고객 1576,기계식 키보드,입력 장치,13,149000,1937000,처리 중,정기 주문
REC-001577,2026-05-12,광주,운영,고객 1577,모니터 암,사무 용품,20,99000,1980000,배송 준비,정기 주문
REC-001578,2026-05-13,대구,기획,고객 1578,무선 마우스,입력 장치,7,59000,413000,배송 완료,정기 주문
REC-001579,2026-05-14,울산,운영,고객 1579,휴대용 SSD,저장 장치,14,179000,2506000,반품 검토,정기 주문
REC-001580,2026-05-15,세종,기획,고객 1580,헤드셋,음향 장치,1,129000,129000,결제 확인,정기 주문
REC-001581,2026-05-16,경기,운영,고객 1581,무선 키보드,입력 장치,8,89000,712000,처리 중,세금계산서 발행
REC-001582,2026-05-17,강원,기획,고객 1582,27인치 모니터,디스플레이,15,329000,4935000,배송 준비,정기 주문
REC-001583,2026-05-18,충북,운영,고객 1583,USB-C 허브,주변 기기,2,49000,98000,배송 완료,정기 주문
REC-001584,2026-05-19,제주,기획,고객 1584,노트북 거치대,사무 용품,9,67000,603000,반품 검토,정기 주문
REC-001585,2026-05-20,서울,운영,고객 1585,웹캠,영상 장치,16,118000,1888000,결제 확인,정기 주문
REC-001586,2026-05-21,부산,기획,고객 1586,기계식 키보드,입력 장치,3,149000,447000,처리 중,정기 주문
REC-001587,2026-05-22,대전,운영,고객 1587,모니터 암,사무 용품,10,99000,990000,배송 준비,정기 주문
REC-001588,2026-05-23,인천,기획,고객 1588,무선 마우스,입력 장치,17,59000,1003000,배송 완료,정기 주문
REC-001589,2026-05-24,광주,운영,고객 1589,휴대용 SSD,저장 장치,4,179000,716000,반품 검토,정기 주문
REC-001590,2026-05-25,대구,기획,고객 1590,헤드셋,음향 장치,11,129000,1419000,결제 확인,정기 주문
REC-001591,2026-05-26,울산,운영,고객 1591,무선 키보드,입력 장치,18,89000,1602000,처리 중,정기 주문
REC-001592,2026-05-27,세종,기획,고객 1592,27인치 모니터,디스플레이,5,329000,1645000,배송 준비,정기 주문
REC-001593,2026-05-28,경기,운영,고객 1593,USB-C 허브,주변 기기,12,49000,588000,배송 완료,정기 주문
REC-001594,2026-05-29,강원,기획,고객 1594,노트북 거치대,사무 용품,19,67000,1273000,반품 검토,정기 주문
REC-001595,2026-05-30,충북,운영,고객 1595,웹캠,영상 장치,6,118000,708000,결제 확인,정기 주문
REC-001596,2026-05-31,제주,기획,고객 1596,기계식 키보드,입력 장치,13,149000,1937000,처리 중,정기 주문
REC-001597,2026-06-01,서울,운영,고객 1597,모니터 암,사무 용품,20,99000,1980000,배송 준비,정기 주문
REC-001598,2026-06-02,부산,기획,고객 1598,무선 마우스,입력 장치,7,59000,413000,배송 완료,정기 주문
REC-001599,2026-06-03,대전,운영,고객 1599,휴대용 SSD,저장 장치,14,179000,2506000,반품 검토,정기 주문
REC-001600,2026-06-04,인천,기획,고객 1600,헤드셋,음향 장치,1,129000,129000,결제 확인,정기 주문
REC-001601,2026-06-05,광주,운영,고객 1601,무선 키보드,입력 장치,8,89000,712000,처리 중,정기 주문
REC-001602,2026-06-06,대구,기획,고객 1602,27인치 모니터,디스플레이,15,329000,4935000,배송 준비,정기 주문
REC-001603,2026-06-07,울산,운영,고객 1603,USB-C 허브,주변 기기,2,49000,98000,배송 완료,정기 주문
REC-001604,2026-06-08,세종,기획,고객 1604,노트북 거치대,사무 용품,9,67000,603000,반품 검토,정기 주문
REC-001605,2026-06-09,경기,운영,고객 1605,웹캠,영상 장치,16,118000,1888000,결제 확인,정기 주문
REC-001606,2026-06-10,강원,기획,고객 1606,기계식 키보드,입력 장치,3,149000,447000,처리 중,정기 주문
REC-001607,2026-06-11,충북,운영,고객 1607,모니터 암,사무 용품,10,99000,990000,배송 준비,정기 주문
REC-001608,2026-06-12,제주,기획,고객 1608,무선 마우스,입력 장치,17,59000,1003000,배송 완료,정기 주문
REC-001609,2026-06-13,서울,운영,고객 1609,휴대용 SSD,저장 장치,4,179000,716000,반품 검토,정기 주문
REC-001610,2026-06-14,부산,기획,고객 1610,헤드셋,음향 장치,11,129000,1419000,결제 확인,정기 주문
REC-001611,2026-06-15,대전,운영,고객 1611,무선 키보드,입력 장치,18,89000,1602000,처리 중,정기 주문
REC-001612,2026-06-16,인천,기획,고객 1612,27인치 모니터,디스플레이,5,329000,1645000,배송 준비,세금계산서 발행
REC-001613,2026-06-17,광주,운영,고객 1613,USB-C 허브,주변 기기,12,49000,588000,배송 완료,정기 주문
REC-001614,2026-06-18,대구,기획,고객 1614,노트북 거치대,사무 용품,19,67000,1273000,반품 검토,정기 주문
REC-001615,2026-06-19,울산,운영,고객 1615,웹캠,영상 장치,6,118000,708000,결제 확인,정기 주문
REC-001616,2026-06-20,세종,기획,고객 1616,기계식 키보드,입력 장치,13,149000,1937000,처리 중,정기 주문
REC-001617,2026-06-21,경기,운영,고객 1617,모니터 암,사무 용품,20,99000,1980000,배송 준비,정기 주문
REC-001618,2026-06-22,강원,기획,고객 1618,무선 마우스,입력 장치,7,59000,413000,배송 완료,정기 주문
REC-001619,2026-06-23,충북,운영,고객 1619,휴대용 SSD,저장 장치,14,179000,2506000,반품 검토,정기 주문
REC-001620,2026-06-24,제주,기획,고객 1620,헤드셋,음향 장치,1,129000,129000,결제 확인,정기 주문
REC-001621,2025-01-01,서울,운영,고객 1621,무선 키보드,입력 장치,8,89000,712000,처리 중,정기 주문
REC-001622,2025-01-02,부산,기획,고객 1622,27인치 모니터,디스플레이,15,329000,4935000,배송 준비,정기 주문
REC-001623,2025-01-03,대전,운영,고객 1623,USB-C 허브,주변 기기,2,49000,98000,배송 완료,정기 주문
REC-001624,2025-01-04,인천,기획,고객 1624,노트북 거치대,사무 용품,9,67000,603000,반품 검토,정기 주문
REC-001625,2025-01-05,광주,운영,고객 1625,웹캠,영상 장치,16,118000,1888000,결제 확인,정기 주문
REC-001626,2025-01-06,대구,기획,고객 1626,기계식 키보드,입력 장치,3,149000,447000,처리 중,정기 주문
REC-001627,2025-01-07,울산,운영,고객 1627,모니터 암,사무 용품,10,99000,990000,배송 준비,정기 주문
REC-001628,2025-01-08,세종,기획,고객 1628,무선 마우스,입력 장치,17,59000,1003000,배송 완료,정기 주문
REC-001629,2025-01-09,경기,운영,고객 1629,휴대용 SSD,저장 장치,4,179000,716000,반품 검토,정기 주문
REC-001630,2025-01-10,강원,기획,고객 1630,헤드셋,음향 장치,11,129000,1419000,결제 확인,정기 주문
REC-001631,2025-01-11,충북,운영,고객 1631,무선 키보드,입력 장치,18,89000,1602000,처리 중,정기 주문
REC-001632,2025-01-12,제주,기획,고객 1632,27인치 모니터,디스플레이,5,329000,1645000,배송 준비,정기 주문
REC-001633,2025-01-13,서울,운영,고객 1633,USB-C 허브,주변 기기,12,49000,588000,배송 완료,정기 주문
REC-001634,2025-01-14,부산,기획,고객 1634,노트북 거치대,사무 용품,19,67000,1273000,반품 검토,정기 주문
REC-001635,2025-01-15,대전,운영,고객 1635,웹캠,영상 장치,6,118000,708000,결제 확인,정기 주문
REC-001636,2025-01-16,인천,기획,고객 1636,기계식 키보드,입력 장치,13,149000,1937000,처리 중,정기 주문
REC-001637,2025-01-17,광주,운영,고객 1637,모니터 암,사무 용품,20,99000,1980000,배송 준비,정기 주문
REC-001638,2025-01-18,대구,기획,고객 1638,무선 마우스,입력 장치,7,59000,413000,배송 완료,정기 주문
REC-001639,2025-01-19,울산,운영,고객 1639,휴대용 SSD,저장 장치,14,179000,2506000,반품 검토,정기 주문
REC-001640,2025-01-20,세종,기획,고객 1640,헤드셋,음향 장치,1,129000,129000,결제 확인,정기 주문
REC-001641,2025-01-21,경기,운영,고객 1641,무선 키보드,입력 장치,8,89000,712000,처리 중,정기 주문
REC-001642,2025-01-22,강원,기획,고객 1642,27인치 모니터,디스플레이,15,329000,4935000,배송 준비,정기 주문
REC-001643,2025-01-23,충북,운영,고객 1643,USB-C 허브,주변 기기,2,49000,98000,배송 완료,세금계산서 발행
REC-001644,2025-01-24,제주,기획,고객 1644,노트북 거치대,사무 용품,9,67000,603000,반품 검토,정기 주문
REC-001645,2025-01-25,서울,운영,고객 1645,웹캠,영상 장치,16,118000,1888000,결제 확인,정기 주문
REC-001646,2025-01-26,부산,기획,고객 1646,기계식 키보드,입력 장치,3,149000,447000,처리 중,정기 주문
REC-001647,2025-01-27,대전,운영,고객 1647,모니터 암,사무 용품,10,99000,990000,배송 준비,정기 주문
REC-001648,2025-01-28,인천,기획,고객 1648,무선 마우스,입력 장치,17,59000,1003000,배송 완료,정기 주문
REC-001649,2025-01-29,광주,운영,고객 1649,휴대용 SSD,저장 장치,4,179000,716000,반품 검토,"우선 처리, 오전 출고"
REC-001650,2025-01-30,대구,기획,고객 1650,헤드셋,음향 장치,11,129000,1419000,결제 확인,정기 주문
REC-001651,2025-01-31,울산,운영,고객 1651,무선 키보드,입력 장치,18,89000,1602000,처리 중,정기 주문
REC-001652,2025-02-01,세종,기획,고객 1652,27인치 모니터,디스플레이,5,329000,1645000,배송 준비,정기 주문
REC-001653,2025-02-02,경기,운영,고객 1653,USB-C 허브,주변 기기,12,49000,588000,배송 완료,정기 주문
REC-001654,2025-02-03,강원,기획,고객 1654,노트북 거치대,사무 용품,19,67000,1273000,반품 검토,정기 주문
REC-001655,2025-02-04,충북,운영,고객 1655,웹캠,영상 장치,6,118000,708000,결제 확인,정기 주문
REC-001656,2025-02-05,제주,기획,고객 1656,기계식 키보드,입력 장치,13,149000,1937000,처리 중,정기 주문
REC-001657,2025-02-06,서울,운영,고객 1657,모니터 암,사무 용품,20,99000,1980000,배송 준비,정기 주문
REC-001658,2025-02-07,부산,기획,고객 1658,무선 마우스,입력 장치,7,59000,413000,배송 완료,정기 주문
REC-001659,2025-02-08,대전,운영,고객 1659,휴대용 SSD,저장 장치,14,179000,2506000,반품 검토,정기 주문
REC-001660,2025-02-09,인천,기획,고객 1660,헤드셋,음향 장치,1,129000,129000,결제 확인,정기 주문
REC-001661,2025-02-10,광주,운영,고객 1661,무선 키보드,입력 장치,8,89000,712000,처리 중,정기 주문
REC-001662,2025-02-11,대구,기획,고객 1662,27인치 모니터,디스플레이,15,329000,4935000,배송 준비,정기 주문
REC-001663,2025-02-12,울산,운영,고객 1663,USB-C 허브,주변 기기,2,49000,98000,배송 완료,정기 주문
REC-001664,2025-02-13,세종,기획,고객 1664,노트북 거치대,사무 용품,9,67000,603000,반품 검토,정기 주문
REC-001665,2025-02-14,경기,운영,고객 1665,웹캠,영상 장치,16,118000,1888000,결제 확인,정기 주문
REC-001666,2025-02-15,강원,기획,고객 1666,기계식 키보드,입력 장치,3,149000,447000,처리 중,정기 주문
REC-001667,2025-02-16,충북,운영,고객 1667,모니터 암,사무 용품,10,99000,990000,배송 준비,정기 주문
REC-001668,2025-02-17,제주,기획,고객 1668,무선 마우스,입력 장치,17,59000,1003000,배송 완료,정기 주문
REC-001669,2025-02-18,서울,운영,고객 1669,휴대용 SSD,저장 장치,4,179000,716000,반품 검토,정기 주문
REC-001670,2025-02-19,부산,기획,고객 1670,헤드셋,음향 장치,11,129000,1419000,결제 확인,정기 주문
REC-001671,2025-02-20,대전,운영,고객 1671,무선 키보드,입력 장치,18,89000,1602000,처리 중,정기 주문
REC-001672,2025-02-21,인천,기획,고객 1672,27인치 모니터,디스플레이,5,329000,1645000,배송 준비,정기 주문
REC-001673,2025-02-22,광주,운영,고객 1673,USB-C 허브,주변 기기,12,49000,588000,배송 완료,정기 주문
REC-001674,2025-02-23,대구,기획,고객 1674,노트북 거치대,사무 용품,19,67000,1273000,반품 검토,세금계산서 발행
REC-001675,2025-02-24,울산,운영,고객 1675,웹캠,영상 장치,6,118000,708000,결제 확인,정기 주문
REC-001676,2025-02-25,세종,기획,고객 1676,기계식 키보드,입력 장치,13,149000,1937000,처리 중,정기 주문
REC-001677,2025-02-26,경기,운영,고객 1677,모니터 암,사무 용품,20,99000,1980000,배송 준비,정기 주문
REC-001678,2025-02-27,강원,기획,고객 1678,무선 마우스,입력 장치,7,59000,413000,배송 완료,정기 주문
REC-001679,2025-02-28,충북,운영,고객 1679,휴대용 SSD,저장 장치,14,179000,2506000,반품 검토,정기 주문
REC-001680,2025-03-01,제주,기획,고객 1680,헤드셋,음향 장치,1,129000,129000,결제 확인,정기 주문
REC-001681,2025-03-02,서울,운영,고객 1681,무선 키보드,입력 장치,8,89000,712000,처리 중,정기 주문
REC-001682,2025-03-03,부산,기획,고객 1682,27인치 모니터,디스플레이,15,329000,4935000,배송 준비,정기 주문
REC-001683,2025-03-04,대전,운영,고객 1683,USB-C 허브,주변 기기,2,49000,98000,배송 완료,정기 주문
REC-001684,2025-03-05,인천,기획,고객 1684,노트북 거치대,사무 용품,9,67000,603000,반품 검토,정기 주문
REC-001685,2025-03-06,광주,운영,고객 1685,웹캠,영상 장치,16,118000,1888000,결제 확인,정기 주문
REC-001686,2025-03-07,대구,기획,고객 1686,기계식 키보드,입력 장치,3,149000,447000,처리 중,정기 주문
REC-001687,2025-03-08,울산,운영,고객 1687,모니터 암,사무 용품,10,99000,990000,배송 준비,정기 주문
REC-001688,2025-03-09,세종,기획,고객 1688,무선 마우스,입력 장치,17,59000,1003000,배송 완료,정기 주문
REC-001689,2025-03-10,경기,운영,고객 1689,휴대용 SSD,저장 장치,4,179000,716000,반품 검토,정기 주문
REC-001690,2025-03-11,강원,기획,고객 1690,헤드셋,음향 장치,11,129000,1419000,결제 확인,정기 주문
REC-001691,2025-03-12,충북,운영,고객 1691,무선 키보드,입력 장치,18,89000,1602000,처리 중,정기 주문
REC-001692,2025-03-13,제주,기획,고객 1692,27인치 모니터,디스플레이,5,329000,1645000,배송 준비,정기 주문
REC-001693,2025-03-14,서울,운영,고객 1693,USB-C 허브,주변 기기,12,49000,588000,배송 완료,정기 주문
REC-001694,2025-03-15,부산,기획,고객 1694,노트북 거치대,사무 용품,19,67000,1273000,반품 검토,정기 주문
REC-001695,2025-03-16,대전,운영,고객 1695,웹캠,영상 장치,6,118000,708000,결제 확인,정기 주문
REC-001696,2025-03-17,인천,기획,고객 1696,기계식 키보드,입력 장치,13,149000,1937000,처리 중,정기 주문
REC-001697,2025-03-18,광주,운영,고객 1697,모니터 암,사무 용품,20,99000,1980000,배송 준비,정기 주문
REC-001698,2025-03-19,대구,기획,고객 1698,무선 마우스,입력 장치,7,59000,413000,배송 완료,정기 주문
REC-001699,2025-03-20,울산,운영,고객 1699,휴대용 SSD,저장 장치,14,179000,2506000,반품 검토,정기 주문
REC-001700,2025-03-21,세종,기획,고객 1700,헤드셋,음향 장치,1,129000,129000,결제 확인,정기 주문
REC-001701,2025-03-22,경기,운영,고객 1701,무선 키보드,입력 장치,8,89000,712000,처리 중,정기 주문
REC-001702,2025-03-23,강원,기획,고객 1702,27인치 모니터,디스플레이,15,329000,4935000,배송 준비,정기 주문
REC-001703,2025-03-24,충북,운영,고객 1703,USB-C 허브,주변 기기,2,49000,98000,배송 완료,정기 주문
REC-001704,2025-03-25,제주,기획,고객 1704,노트북 거치대,사무 용품,9,67000,603000,반품 검토,정기 주문
REC-001705,2025-03-26,서울,운영,고객 1705,웹캠,영상 장치,16,118000,1888000,결제 확인,세금계산서 발행
REC-001706,2025-03-27,부산,기획,고객 1706,기계식 키보드,입력 장치,3,149000,447000,처리 중,정기 주문
REC-001707,2025-03-28,대전,운영,고객 1707,모니터 암,사무 용품,10,99000,990000,배송 준비,정기 주문
REC-001708,2025-03-29,인천,기획,고객 1708,무선 마우스,입력 장치,17,59000,1003000,배송 완료,정기 주문
REC-001709,2025-03-30,광주,운영,고객 1709,휴대용 SSD,저장 장치,4,179000,716000,반품 검토,정기 주문
REC-001710,2025-03-31,대구,기획,고객 1710,헤드셋,음향 장치,11,129000,1419000,결제 확인,정기 주문
REC-001711,2025-04-01,울산,운영,고객 1711,무선 키보드,입력 장치,18,89000,1602000,처리 중,정기 주문
REC-001712,2025-04-02,세종,기획,고객 1712,27인치 모니터,디스플레이,5,329000,1645000,배송 준비,정기 주문
REC-001713,2025-04-03,경기,운영,고객 1713,USB-C 허브,주변 기기,12,49000,588000,배송 완료,정기 주문
REC-001714,2025-04-04,강원,기획,고객 1714,노트북 거치대,사무 용품,19,67000,1273000,반품 검토,정기 주문
REC-001715,2025-04-05,충북,운영,고객 1715,웹캠,영상 장치,6,118000,708000,결제 확인,정기 주문
REC-001716,2025-04-06,제주,기획,고객 1716,기계식 키보드,입력 장치,13,149000,1937000,처리 중,정기 주문
REC-001717,2025-04-07,서울,운영,고객 1717,모니터 암,사무 용품,20,99000,1980000,배송 준비,정기 주문
REC-001718,2025-04-08,부산,기획,고객 1718,무선 마우스,입력 장치,7,59000,413000,배송 완료,정기 주문
REC-001719,2025-04-09,대전,운영,고객 1719,휴대용 SSD,저장 장치,14,179000,2506000,반품 검토,정기 주문
REC-001720,2025-04-10,인천,기획,고객 1720,헤드셋,음향 장치,1,129000,129000,결제 확인,정기 주문
REC-001721,2025-04-11,광주,운영,고객 1721,무선 키보드,입력 장치,8,89000,712000,처리 중,정기 주문
REC-001722,2025-04-12,대구,기획,고객 1722,27인치 모니터,디스플레이,15,329000,4935000,배송 준비,정기 주문
REC-001723,2025-04-13,울산,운영,고객 1723,USB-C 허브,주변 기기,2,49000,98000,배송 완료,정기 주문
REC-001724,2025-04-14,세종,기획,고객 1724,노트북 거치대,사무 용품,9,67000,603000,반품 검토,정기 주문
REC-001725,2025-04-15,경기,운영,고객 1725,웹캠,영상 장치,16,118000,1888000,결제 확인,정기 주문
REC-001726,2025-04-16,강원,기획,고객 1726,기계식 키보드,입력 장치,3,149000,447000,처리 중,정기 주문
REC-001727,2025-04-17,충북,운영,고객 1727,모니터 암,사무 용품,10,99000,990000,배송 준비,정기 주문
REC-001728,2025-04-18,제주,기획,고객 1728,무선 마우스,입력 장치,17,59000,1003000,배송 완료,정기 주문
REC-001729,2025-04-19,서울,운영,고객 1729,휴대용 SSD,저장 장치,4,179000,716000,반품 검토,정기 주문
REC-001730,2025-04-20,부산,기획,고객 1730,헤드셋,음향 장치,11,129000,1419000,결제 확인,정기 주문
REC-001731,2025-04-21,대전,운영,고객 1731,무선 키보드,입력 장치,18,89000,1602000,처리 중,정기 주문
REC-001732,2025-04-22,인천,기획,고객 1732,27인치 모니터,디스플레이,5,329000,1645000,배송 준비,정기 주문
REC-001733,2025-04-23,광주,운영,고객 1733,USB-C 허브,주변 기기,12,49000,588000,배송 완료,정기 주문
REC-001734,2025-04-24,대구,기획,고객 1734,노트북 거치대,사무 용품,19,67000,1273000,반품 검토,정기 주문
REC-001735,2025-04-25,울산,운영,고객 1735,웹캠,영상 장치,6,118000,708000,결제 확인,정기 주문
REC-001736,2025-04-26,세종,기획,고객 1736,기계식 키보드,입력 장치,13,149000,1937000,처리 중,세금계산서 발행
REC-001737,2025-04-27,경기,운영,고객 1737,모니터 암,사무 용품,20,99000,1980000,배송 준비,정기 주문
REC-001738,2025-04-28,강원,기획,고객 1738,무선 마우스,입력 장치,7,59000,413000,배송 완료,정기 주문
REC-001739,2025-04-29,충북,운영,고객 1739,휴대용 SSD,저장 장치,14,179000,2506000,반품 검토,정기 주문
REC-001740,2025-04-30,제주,기획,고객 1740,헤드셋,음향 장치,1,129000,129000,결제 확인,정기 주문
REC-001741,2025-05-01,서울,운영,고객 1741,무선 키보드,입력 장치,8,89000,712000,처리 중,정기 주문
REC-001742,2025-05-02,부산,기획,고객 1742,27인치 모니터,디스플레이,15,329000,4935000,배송 준비,정기 주문
REC-001743,2025-05-03,대전,운영,고객 1743,USB-C 허브,주변 기기,2,49000,98000,배송 완료,정기 주문
REC-001744,2025-05-04,인천,기획,고객 1744,노트북 거치대,사무 용품,9,67000,603000,반품 검토,정기 주문
REC-001745,2025-05-05,광주,운영,고객 1745,웹캠,영상 장치,16,118000,1888000,결제 확인,정기 주문
REC-001746,2025-05-06,대구,기획,고객 1746,기계식 키보드,입력 장치,3,149000,447000,처리 중,"우선 처리, 오전 출고"
REC-001747,2025-05-07,울산,운영,고객 1747,모니터 암,사무 용품,10,99000,990000,배송 준비,정기 주문
REC-001748,2025-05-08,세종,기획,고객 1748,무선 마우스,입력 장치,17,59000,1003000,배송 완료,정기 주문
REC-001749,2025-05-09,경기,운영,고객 1749,휴대용 SSD,저장 장치,4,179000,716000,반품 검토,정기 주문
REC-001750,2025-05-10,강원,기획,고객 1750,헤드셋,음향 장치,11,129000,1419000,결제 확인,"분기 마감 주문, 담당자 ""재확인"" 필요"
REC-001751,2025-05-11,충북,운영,고객 1751,무선 키보드,입력 장치,18,89000,1602000,처리 중,정기 주문
REC-001752,2025-05-12,제주,기획,고객 1752,27인치 모니터,디스플레이,5,329000,1645000,배송 준비,정기 주문
REC-001753,2025-05-13,서울,운영,고객 1753,USB-C 허브,주변 기기,12,49000,588000,배송 완료,정기 주문
REC-001754,2025-05-14,부산,기획,고객 1754,노트북 거치대,사무 용품,19,67000,1273000,반품 검토,정기 주문
REC-001755,2025-05-15,대전,운영,고객 1755,웹캠,영상 장치,6,118000,708000,결제 확인,정기 주문
REC-001756,2025-05-16,인천,기획,고객 1756,기계식 키보드,입력 장치,13,149000,1937000,처리 중,정기 주문
REC-001757,2025-05-17,광주,운영,고객 1757,모니터 암,사무 용품,20,99000,1980000,배송 준비,정기 주문
REC-001758,2025-05-18,대구,기획,고객 1758,무선 마우스,입력 장치,7,59000,413000,배송 완료,정기 주문
REC-001759,2025-05-19,울산,운영,고객 1759,휴대용 SSD,저장 장치,14,179000,2506000,반품 검토,정기 주문
REC-001760,2025-05-20,세종,기획,고객 1760,헤드셋,음향 장치,1,129000,129000,결제 확인,정기 주문
REC-001761,2025-05-21,경기,운영,고객 1761,무선 키보드,입력 장치,8,89000,712000,처리 중,정기 주문
REC-001762,2025-05-22,강원,기획,고객 1762,27인치 모니터,디스플레이,15,329000,4935000,배송 준비,정기 주문
REC-001763,2025-05-23,충북,운영,고객 1763,USB-C 허브,주변 기기,2,49000,98000,배송 완료,정기 주문
REC-001764,2025-05-24,제주,기획,고객 1764,노트북 거치대,사무 용품,9,67000,603000,반품 검토,정기 주문
REC-001765,2025-05-25,서울,운영,고객 1765,웹캠,영상 장치,16,118000,1888000,결제 확인,정기 주문
REC-001766,2025-05-26,부산,기획,고객 1766,기계식 키보드,입력 장치,3,149000,447000,처리 중,정기 주문
REC-001767,2025-05-27,대전,운영,고객 1767,모니터 암,사무 용품,10,99000,990000,배송 준비,세금계산서 발행
REC-001768,2025-05-28,인천,기획,고객 1768,무선 마우스,입력 장치,17,59000,1003000,배송 완료,정기 주문
REC-001769,2025-05-29,광주,운영,고객 1769,휴대용 SSD,저장 장치,4,179000,716000,반품 검토,정기 주문
REC-001770,2025-05-30,대구,기획,고객 1770,헤드셋,음향 장치,11,129000,1419000,결제 확인,정기 주문
REC-001771,2025-05-31,울산,운영,고객 1771,무선 키보드,입력 장치,18,89000,1602000,처리 중,정기 주문
REC-001772,2025-06-01,세종,기획,고객 1772,27인치 모니터,디스플레이,5,329000,1645000,배송 준비,정기 주문
REC-001773,2025-06-02,경기,운영,고객 1773,USB-C 허브,주변 기기,12,49000,588000,배송 완료,정기 주문
REC-001774,2025-06-03,강원,기획,고객 1774,노트북 거치대,사무 용품,19,67000,1273000,반품 검토,정기 주문
REC-001775,2025-06-04,충북,운영,고객 1775,웹캠,영상 장치,6,118000,708000,결제 확인,정기 주문
REC-001776,2025-06-05,제주,기획,고객 1776,기계식 키보드,입력 장치,13,149000,1937000,처리 중,정기 주문
REC-001777,2025-06-06,서울,운영,고객 1777,모니터 암,사무 용품,20,99000,1980000,배송 준비,정기 주문
REC-001778,2025-06-07,부산,기획,고객 1778,무선 마우스,입력 장치,7,59000,413000,배송 완료,정기 주문
REC-001779,2025-06-08,대전,운영,고객 1779,휴대용 SSD,저장 장치,14,179000,2506000,반품 검토,정기 주문
REC-001780,2025-06-09,인천,기획,고객 1780,헤드셋,음향 장치,1,129000,129000,결제 확인,정기 주문
REC-001781,2025-06-10,광주,운영,고객 1781,무선 키보드,입력 장치,8,89000,712000,처리 중,정기 주문
REC-001782,2025-06-11,대구,기획,고객 1782,27인치 모니터,디스플레이,15,329000,4935000,배송 준비,정기 주문
REC-001783,2025-06-12,울산,운영,고객 1783,USB-C 허브,주변 기기,2,49000,98000,배송 완료,정기 주문
REC-001784,2025-06-13,세종,기획,고객 1784,노트북 거치대,사무 용품,9,67000,603000,반품 검토,정기 주문
REC-001785,2025-06-14,경기,운영,고객 1785,웹캠,영상 장치,16,118000,1888000,결제 확인,정기 주문
REC-001786,2025-06-15,강원,기획,고객 1786,기계식 키보드,입력 장치,3,149000,447000,처리 중,정기 주문
REC-001787,2025-06-16,충북,운영,고객 1787,모니터 암,사무 용품,10,99000,990000,배송 준비,정기 주문
REC-001788,2025-06-17,제주,기획,고객 1788,무선 마우스,입력 장치,17,59000,1003000,배송 완료,정기 주문
REC-001789,2025-06-18,서울,운영,고객 1789,휴대용 SSD,저장 장치,4,179000,716000,반품 검토,정기 주문
REC-001790,2025-06-19,부산,기획,고객 1790,헤드셋,음향 장치,11,129000,1419000,결제 확인,정기 주문
REC-001791,2025-06-20,대전,운영,고객 1791,무선 키보드,입력 장치,18,89000,1602000,처리 중,정기 주문
REC-001792,2025-06-21,인천,기획,고객 1792,27인치 모니터,디스플레이,5,329000,1645000,배송 준비,정기 주문
REC-001793,2025-06-22,광주,운영,고객 1793,USB-C 허브,주변 기기,12,49000,588000,배송 완료,정기 주문
REC-001794,2025-06-23,대구,기획,고객 1794,노트북 거치대,사무 용품,19,67000,1273000,반품 검토,정기 주문
REC-001795,2025-06-24,울산,운영,고객 1795,웹캠,영상 장치,6,118000,708000,결제 확인,정기 주문
REC-001796,2025-06-25,세종,기획,고객 1796,기계식 키보드,입력 장치,13,149000,1937000,처리 중,정기 주문
REC-001797,2025-06-26,경기,운영,고객 1797,모니터 암,사무 용품,20,99000,1980000,배송 준비,정기 주문
REC-001798,2025-06-27,강원,기획,고객 1798,무선 마우스,입력 장치,7,59000,413000,배송 완료,세금계산서 발행
REC-001799,2025-06-28,충북,운영,고객 1799,휴대용 SSD,저장 장치,14,179000,2506000,반품 검토,정기 주문
REC-001800,2025-06-29,제주,기획,고객 1800,헤드셋,음향 장치,1,129000,129000,결제 확인,정기 주문
REC-001801,2025-06-30,서울,운영,고객 1801,무선 키보드,입력 장치,8,89000,712000,처리 중,정기 주문
REC-001802,2025-07-01,부산,기획,고객 1802,27인치 모니터,디스플레이,15,329000,4935000,배송 준비,정기 주문
REC-001803,2025-07-02,대전,운영,고객 1803,USB-C 허브,주변 기기,2,49000,98000,배송 완료,정기 주문
REC-001804,2025-07-03,인천,기획,고객 1804,노트북 거치대,사무 용품,9,67000,603000,반품 검토,정기 주문
REC-001805,2025-07-04,광주,운영,고객 1805,웹캠,영상 장치,16,118000,1888000,결제 확인,정기 주문
REC-001806,2025-07-05,대구,기획,고객 1806,기계식 키보드,입력 장치,3,149000,447000,처리 중,정기 주문
REC-001807,2025-07-06,울산,운영,고객 1807,모니터 암,사무 용품,10,99000,990000,배송 준비,정기 주문
REC-001808,2025-07-07,세종,기획,고객 1808,무선 마우스,입력 장치,17,59000,1003000,배송 완료,정기 주문
REC-001809,2025-07-08,경기,운영,고객 1809,휴대용 SSD,저장 장치,4,179000,716000,반품 검토,정기 주문
REC-001810,2025-07-09,강원,기획,고객 1810,헤드셋,음향 장치,11,129000,1419000,결제 확인,정기 주문
REC-001811,2025-07-10,충북,운영,고객 1811,무선 키보드,입력 장치,18,89000,1602000,처리 중,정기 주문
REC-001812,2025-07-11,제주,기획,고객 1812,27인치 모니터,디스플레이,5,329000,1645000,배송 준비,정기 주문
REC-001813,2025-07-12,서울,운영,고객 1813,USB-C 허브,주변 기기,12,49000,588000,배송 완료,정기 주문
REC-001814,2025-07-13,부산,기획,고객 1814,노트북 거치대,사무 용품,19,67000,1273000,반품 검토,정기 주문
REC-001815,2025-07-14,대전,운영,고객 1815,웹캠,영상 장치,6,118000,708000,결제 확인,정기 주문
REC-001816,2025-07-15,인천,기획,고객 1816,기계식 키보드,입력 장치,13,149000,1937000,처리 중,정기 주문
REC-001817,2025-07-16,광주,운영,고객 1817,모니터 암,사무 용품,20,99000,1980000,배송 준비,정기 주문
REC-001818,2025-07-17,대구,기획,고객 1818,무선 마우스,입력 장치,7,59000,413000,배송 완료,정기 주문
REC-001819,2025-07-18,울산,운영,고객 1819,휴대용 SSD,저장 장치,14,179000,2506000,반품 검토,정기 주문
REC-001820,2025-07-19,세종,기획,고객 1820,헤드셋,음향 장치,1,129000,129000,결제 확인,정기 주문
REC-001821,2025-07-20,경기,운영,고객 1821,무선 키보드,입력 장치,8,89000,712000,처리 중,정기 주문
REC-001822,2025-07-21,강원,기획,고객 1822,27인치 모니터,디스플레이,15,329000,4935000,배송 준비,정기 주문
REC-001823,2025-07-22,충북,운영,고객 1823,USB-C 허브,주변 기기,2,49000,98000,배송 완료,정기 주문
REC-001824,2025-07-23,제주,기획,고객 1824,노트북 거치대,사무 용품,9,67000,603000,반품 검토,정기 주문
REC-001825,2025-07-24,서울,운영,고객 1825,웹캠,영상 장치,16,118000,1888000,결제 확인,정기 주문
REC-001826,2025-07-25,부산,기획,고객 1826,기계식 키보드,입력 장치,3,149000,447000,처리 중,정기 주문
REC-001827,2025-07-26,대전,운영,고객 1827,모니터 암,사무 용품,10,99000,990000,배송 준비,정기 주문
REC-001828,2025-07-27,인천,기획,고객 1828,무선 마우스,입력 장치,17,59000,1003000,배송 완료,정기 주문
REC-001829,2025-07-28,광주,운영,고객 1829,휴대용 SSD,저장 장치,4,179000,716000,반품 검토,세금계산서 발행
REC-001830,2025-07-29,대구,기획,고객 1830,헤드셋,음향 장치,11,129000,1419000,결제 확인,정기 주문
REC-001831,2025-07-30,울산,운영,고객 1831,무선 키보드,입력 장치,18,89000,1602000,처리 중,정기 주문
REC-001832,2025-07-31,세종,기획,고객 1832,27인치 모니터,디스플레이,5,329000,1645000,배송 준비,정기 주문
REC-001833,2025-08-01,경기,운영,고객 1833,USB-C 허브,주변 기기,12,49000,588000,배송 완료,정기 주문
REC-001834,2025-08-02,강원,기획,고객 1834,노트북 거치대,사무 용품,19,67000,1273000,반품 검토,정기 주문
REC-001835,2025-08-03,충북,운영,고객 1835,웹캠,영상 장치,6,118000,708000,결제 확인,정기 주문
REC-001836,2025-08-04,제주,기획,고객 1836,기계식 키보드,입력 장치,13,149000,1937000,처리 중,정기 주문
REC-001837,2025-08-05,서울,운영,고객 1837,모니터 암,사무 용품,20,99000,1980000,배송 준비,정기 주문
REC-001838,2025-08-06,부산,기획,고객 1838,무선 마우스,입력 장치,7,59000,413000,배송 완료,정기 주문
REC-001839,2025-08-07,대전,운영,고객 1839,휴대용 SSD,저장 장치,14,179000,2506000,반품 검토,정기 주문
REC-001840,2025-08-08,인천,기획,고객 1840,헤드셋,음향 장치,1,129000,129000,결제 확인,정기 주문
REC-001841,2025-08-09,광주,운영,고객 1841,무선 키보드,입력 장치,8,89000,712000,처리 중,정기 주문
REC-001842,2025-08-10,대구,기획,고객 1842,27인치 모니터,디스플레이,15,329000,4935000,배송 준비,정기 주문
REC-001843,2025-08-11,울산,운영,고객 1843,USB-C 허브,주변 기기,2,49000,98000,배송 완료,"우선 처리, 오전 출고"
REC-001844,2025-08-12,세종,기획,고객 1844,노트북 거치대,사무 용품,9,67000,603000,반품 검토,정기 주문
REC-001845,2025-08-13,경기,운영,고객 1845,웹캠,영상 장치,16,118000,1888000,결제 확인,정기 주문
REC-001846,2025-08-14,강원,기획,고객 1846,기계식 키보드,입력 장치,3,149000,447000,처리 중,정기 주문
REC-001847,2025-08-15,충북,운영,고객 1847,모니터 암,사무 용품,10,99000,990000,배송 준비,정기 주문
REC-001848,2025-08-16,제주,기획,고객 1848,무선 마우스,입력 장치,17,59000,1003000,배송 완료,정기 주문
REC-001849,2025-08-17,서울,운영,고객 1849,휴대용 SSD,저장 장치,4,179000,716000,반품 검토,정기 주문
REC-001850,2025-08-18,부산,기획,고객 1850,헤드셋,음향 장치,11,129000,1419000,결제 확인,정기 주문
REC-001851,2025-08-19,대전,운영,고객 1851,무선 키보드,입력 장치,18,89000,1602000,처리 중,정기 주문
REC-001852,2025-08-20,인천,기획,고객 1852,27인치 모니터,디스플레이,5,329000,1645000,배송 준비,정기 주문
REC-001853,2025-08-21,광주,운영,고객 1853,USB-C 허브,주변 기기,12,49000,588000,배송 완료,정기 주문
REC-001854,2025-08-22,대구,기획,고객 1854,노트북 거치대,사무 용품,19,67000,1273000,반품 검토,정기 주문
REC-001855,2025-08-23,울산,운영,고객 1855,웹캠,영상 장치,6,118000,708000,결제 확인,정기 주문
REC-001856,2025-08-24,세종,기획,고객 1856,기계식 키보드,입력 장치,13,149000,1937000,처리 중,정기 주문
REC-001857,2025-08-25,경기,운영,고객 1857,모니터 암,사무 용품,20,99000,1980000,배송 준비,정기 주문
REC-001858,2025-08-26,강원,기획,고객 1858,무선 마우스,입력 장치,7,59000,413000,배송 완료,정기 주문
REC-001859,2025-08-27,충북,운영,고객 1859,휴대용 SSD,저장 장치,14,179000,2506000,반품 검토,정기 주문
REC-001860,2025-08-28,제주,기획,고객 1860,헤드셋,음향 장치,1,129000,129000,결제 확인,세금계산서 발행
REC-001861,2025-08-29,서울,운영,고객 1861,무선 키보드,입력 장치,8,89000,712000,처리 중,정기 주문
REC-001862,2025-08-30,부산,기획,고객 1862,27인치 모니터,디스플레이,15,329000,4935000,배송 준비,정기 주문
REC-001863,2025-08-31,대전,운영,고객 1863,USB-C 허브,주변 기기,2,49000,98000,배송 완료,정기 주문
REC-001864,2025-09-01,인천,기획,고객 1864,노트북 거치대,사무 용품,9,67000,603000,반품 검토,정기 주문
REC-001865,2025-09-02,광주,운영,고객 1865,웹캠,영상 장치,16,118000,1888000,결제 확인,정기 주문
REC-001866,2025-09-03,대구,기획,고객 1866,기계식 키보드,입력 장치,3,149000,447000,처리 중,정기 주문
REC-001867,2025-09-04,울산,운영,고객 1867,모니터 암,사무 용품,10,99000,990000,배송 준비,정기 주문
REC-001868,2025-09-05,세종,기획,고객 1868,무선 마우스,입력 장치,17,59000,1003000,배송 완료,정기 주문
REC-001869,2025-09-06,경기,운영,고객 1869,휴대용 SSD,저장 장치,4,179000,716000,반품 검토,정기 주문
REC-001870,2025-09-07,강원,기획,고객 1870,헤드셋,음향 장치,11,129000,1419000,결제 확인,정기 주문
REC-001871,2025-09-08,충북,운영,고객 1871,무선 키보드,입력 장치,18,89000,1602000,처리 중,정기 주문
REC-001872,2025-09-09,제주,기획,고객 1872,27인치 모니터,디스플레이,5,329000,1645000,배송 준비,정기 주문
REC-001873,2025-09-10,서울,운영,고객 1873,USB-C 허브,주변 기기,12,49000,588000,배송 완료,정기 주문
REC-001874,2025-09-11,부산,기획,고객 1874,노트북 거치대,사무 용품,19,67000,1273000,반품 검토,정기 주문
REC-001875,2025-09-12,대전,운영,고객 1875,웹캠,영상 장치,6,118000,708000,결제 확인,정기 주문
REC-001876,2025-09-13,인천,기획,고객 1876,기계식 키보드,입력 장치,13,149000,1937000,처리 중,정기 주문
REC-001877,2025-09-14,광주,운영,고객 1877,모니터 암,사무 용품,20,99000,1980000,배송 준비,정기 주문
REC-001878,2025-09-15,대구,기획,고객 1878,무선 마우스,입력 장치,7,59000,413000,배송 완료,정기 주문
REC-001879,2025-09-16,울산,운영,고객 1879,휴대용 SSD,저장 장치,14,179000,2506000,반품 검토,정기 주문
REC-001880,2025-09-17,세종,기획,고객 1880,헤드셋,음향 장치,1,129000,129000,결제 확인,정기 주문
REC-001881,2025-09-18,경기,운영,고객 1881,무선 키보드,입력 장치,8,89000,712000,처리 중,정기 주문
REC-001882,2025-09-19,강원,기획,고객 1882,27인치 모니터,디스플레이,15,329000,4935000,배송 준비,정기 주문
REC-001883,2025-09-20,충북,운영,고객 1883,USB-C 허브,주변 기기,2,49000,98000,배송 완료,정기 주문
REC-001884,2025-09-21,제주,기획,고객 1884,노트북 거치대,사무 용품,9,67000,603000,반품 검토,정기 주문
REC-001885,2025-09-22,서울,운영,고객 1885,웹캠,영상 장치,16,118000,1888000,결제 확인,정기 주문
REC-001886,2025-09-23,부산,기획,고객 1886,기계식 키보드,입력 장치,3,149000,447000,처리 중,정기 주문
REC-001887,2025-09-24,대전,운영,고객 1887,모니터 암,사무 용품,10,99000,990000,배송 준비,정기 주문
REC-001888,2025-09-25,인천,기획,고객 1888,무선 마우스,입력 장치,17,59000,1003000,배송 완료,정기 주문
REC-001889,2025-09-26,광주,운영,고객 1889,휴대용 SSD,저장 장치,4,179000,716000,반품 검토,정기 주문
REC-001890,2025-09-27,대구,기획,고객 1890,헤드셋,음향 장치,11,129000,1419000,결제 확인,정기 주문
REC-001891,2025-09-28,울산,운영,고객 1891,무선 키보드,입력 장치,18,89000,1602000,처리 중,세금계산서 발행
REC-001892,2025-09-29,세종,기획,고객 1892,27인치 모니터,디스플레이,5,329000,1645000,배송 준비,정기 주문
REC-001893,2025-09-30,경기,운영,고객 1893,USB-C 허브,주변 기기,12,49000,588000,배송 완료,정기 주문
REC-001894,2025-10-01,강원,기획,고객 1894,노트북 거치대,사무 용품,19,67000,1273000,반품 검토,정기 주문
REC-001895,2025-10-02,충북,운영,고객 1895,웹캠,영상 장치,6,118000,708000,결제 확인,정기 주문
REC-001896,2025-10-03,제주,기획,고객 1896,기계식 키보드,입력 장치,13,149000,1937000,처리 중,정기 주문
REC-001897,2025-10-04,서울,운영,고객 1897,모니터 암,사무 용품,20,99000,1980000,배송 준비,정기 주문
REC-001898,2025-10-05,부산,기획,고객 1898,무선 마우스,입력 장치,7,59000,413000,배송 완료,정기 주문
REC-001899,2025-10-06,대전,운영,고객 1899,휴대용 SSD,저장 장치,14,179000,2506000,반품 검토,정기 주문
REC-001900,2025-10-07,인천,기획,고객 1900,헤드셋,음향 장치,1,129000,129000,결제 확인,정기 주문
REC-001901,2025-10-08,광주,운영,고객 1901,무선 키보드,입력 장치,8,89000,712000,처리 중,정기 주문
REC-001902,2025-10-09,대구,기획,고객 1902,27인치 모니터,디스플레이,15,329000,4935000,배송 준비,정기 주문
REC-001903,2025-10-10,울산,운영,고객 1903,USB-C 허브,주변 기기,2,49000,98000,배송 완료,정기 주문
REC-001904,2025-10-11,세종,기획,고객 1904,노트북 거치대,사무 용품,9,67000,603000,반품 검토,정기 주문
REC-001905,2025-10-12,경기,운영,고객 1905,웹캠,영상 장치,16,118000,1888000,결제 확인,정기 주문
REC-001906,2025-10-13,강원,기획,고객 1906,기계식 키보드,입력 장치,3,149000,447000,처리 중,정기 주문
REC-001907,2025-10-14,충북,운영,고객 1907,모니터 암,사무 용품,10,99000,990000,배송 준비,정기 주문
REC-001908,2025-10-15,제주,기획,고객 1908,무선 마우스,입력 장치,17,59000,1003000,배송 완료,정기 주문
REC-001909,2025-10-16,서울,운영,고객 1909,휴대용 SSD,저장 장치,4,179000,716000,반품 검토,정기 주문
REC-001910,2025-10-17,부산,기획,고객 1910,헤드셋,음향 장치,11,129000,1419000,결제 확인,정기 주문
REC-001911,2025-10-18,대전,운영,고객 1911,무선 키보드,입력 장치,18,89000,1602000,처리 중,정기 주문
REC-001912,2025-10-19,인천,기획,고객 1912,27인치 모니터,디스플레이,5,329000,1645000,배송 준비,정기 주문
REC-001913,2025-10-20,광주,운영,고객 1913,USB-C 허브,주변 기기,12,49000,588000,배송 완료,정기 주문
REC-001914,2025-10-21,대구,기획,고객 1914,노트북 거치대,사무 용품,19,67000,1273000,반품 검토,정기 주문
REC-001915,2025-10-22,울산,운영,고객 1915,웹캠,영상 장치,6,118000,708000,결제 확인,정기 주문
REC-001916,2025-10-23,세종,기획,고객 1916,기계식 키보드,입력 장치,13,149000,1937000,처리 중,정기 주문
REC-001917,2025-10-24,경기,운영,고객 1917,모니터 암,사무 용품,20,99000,1980000,배송 준비,정기 주문
REC-001918,2025-10-25,강원,기획,고객 1918,무선 마우스,입력 장치,7,59000,413000,배송 완료,정기 주문
REC-001919,2025-10-26,충북,운영,고객 1919,휴대용 SSD,저장 장치,14,179000,2506000,반품 검토,정기 주문
REC-001920,2025-10-27,제주,기획,고객 1920,헤드셋,음향 장치,1,129000,129000,결제 확인,정기 주문
REC-001921,2025-10-28,서울,운영,고객 1921,무선 키보드,입력 장치,8,89000,712000,처리 중,정기 주문
REC-001922,2025-10-29,부산,기획,고객 1922,27인치 모니터,디스플레이,15,329000,4935000,배송 준비,세금계산서 발행
REC-001923,2025-10-30,대전,운영,고객 1923,USB-C 허브,주변 기기,2,49000,98000,배송 완료,정기 주문
REC-001924,2025-10-31,인천,기획,고객 1924,노트북 거치대,사무 용품,9,67000,603000,반품 검토,정기 주문
REC-001925,2025-11-01,광주,운영,고객 1925,웹캠,영상 장치,16,118000,1888000,결제 확인,정기 주문
REC-001926,2025-11-02,대구,기획,고객 1926,기계식 키보드,입력 장치,3,149000,447000,처리 중,정기 주문
REC-001927,2025-11-03,울산,운영,고객 1927,모니터 암,사무 용품,10,99000,990000,배송 준비,정기 주문
REC-001928,2025-11-04,세종,기획,고객 1928,무선 마우스,입력 장치,17,59000,1003000,배송 완료,정기 주문
REC-001929,2025-11-05,경기,운영,고객 1929,휴대용 SSD,저장 장치,4,179000,716000,반품 검토,정기 주문
REC-001930,2025-11-06,강원,기획,고객 1930,헤드셋,음향 장치,11,129000,1419000,결제 확인,정기 주문
REC-001931,2025-11-07,충북,운영,고객 1931,무선 키보드,입력 장치,18,89000,1602000,처리 중,정기 주문
REC-001932,2025-11-08,제주,기획,고객 1932,27인치 모니터,디스플레이,5,329000,1645000,배송 준비,정기 주문
REC-001933,2025-11-09,서울,운영,고객 1933,USB-C 허브,주변 기기,12,49000,588000,배송 완료,정기 주문
REC-001934,2025-11-10,부산,기획,고객 1934,노트북 거치대,사무 용품,19,67000,1273000,반품 검토,정기 주문
REC-001935,2025-11-11,대전,운영,고객 1935,웹캠,영상 장치,6,118000,708000,결제 확인,정기 주문
REC-001936,2025-11-12,인천,기획,고객 1936,기계식 키보드,입력 장치,13,149000,1937000,처리 중,정기 주문
REC-001937,2025-11-13,광주,운영,고객 1937,모니터 암,사무 용품,20,99000,1980000,배송 준비,정기 주문
REC-001938,2025-11-14,대구,기획,고객 1938,무선 마우스,입력 장치,7,59000,413000,배송 완료,정기 주문
REC-001939,2025-11-15,울산,운영,고객 1939,휴대용 SSD,저장 장치,14,179000,2506000,반품 검토,정기 주문
REC-001940,2025-11-16,세종,기획,고객 1940,헤드셋,음향 장치,1,129000,129000,결제 확인,"우선 처리, 오전 출고"
REC-001941,2025-11-17,경기,운영,고객 1941,무선 키보드,입력 장치,8,89000,712000,처리 중,정기 주문
REC-001942,2025-11-18,강원,기획,고객 1942,27인치 모니터,디스플레이,15,329000,4935000,배송 준비,정기 주문
REC-001943,2025-11-19,충북,운영,고객 1943,USB-C 허브,주변 기기,2,49000,98000,배송 완료,정기 주문
REC-001944,2025-11-20,제주,기획,고객 1944,노트북 거치대,사무 용품,9,67000,603000,반품 검토,정기 주문
REC-001945,2025-11-21,서울,운영,고객 1945,웹캠,영상 장치,16,118000,1888000,결제 확인,정기 주문
REC-001946,2025-11-22,부산,기획,고객 1946,기계식 키보드,입력 장치,3,149000,447000,처리 중,정기 주문
REC-001947,2025-11-23,대전,운영,고객 1947,모니터 암,사무 용품,10,99000,990000,배송 준비,정기 주문
REC-001948,2025-11-24,인천,기획,고객 1948,무선 마우스,입력 장치,17,59000,1003000,배송 완료,정기 주문
REC-001949,2025-11-25,광주,운영,고객 1949,휴대용 SSD,저장 장치,4,179000,716000,반품 검토,정기 주문
REC-001950,2025-11-26,대구,기획,고객 1950,헤드셋,음향 장치,11,129000,1419000,결제 확인,정기 주문
REC-001951,2025-11-27,울산,운영,고객 1951,무선 키보드,입력 장치,18,89000,1602000,처리 중,정기 주문
REC-001952,2025-11-28,세종,기획,고객 1952,27인치 모니터,디스플레이,5,329000,1645000,배송 준비,정기 주문
REC-001953,2025-11-29,경기,운영,고객 1953,USB-C 허브,주변 기기,12,49000,588000,배송 완료,세금계산서 발행
REC-001954,2025-11-30,강원,기획,고객 1954,노트북 거치대,사무 용품,19,67000,1273000,반품 검토,정기 주문
REC-001955,2025-12-01,충북,운영,고객 1955,웹캠,영상 장치,6,118000,708000,결제 확인,정기 주문
REC-001956,2025-12-02,제주,기획,고객 1956,기계식 키보드,입력 장치,13,149000,1937000,처리 중,정기 주문
REC-001957,2025-12-03,서울,운영,고객 1957,모니터 암,사무 용품,20,99000,1980000,배송 준비,정기 주문
REC-001958,2025-12-04,부산,기획,고객 1958,무선 마우스,입력 장치,7,59000,413000,배송 완료,정기 주문
REC-001959,2025-12-05,대전,운영,고객 1959,휴대용 SSD,저장 장치,14,179000,2506000,반품 검토,정기 주문
REC-001960,2025-12-06,인천,기획,고객 1960,헤드셋,음향 장치,1,129000,129000,결제 확인,정기 주문
REC-001961,2025-12-07,광주,운영,고객 1961,무선 키보드,입력 장치,8,89000,712000,처리 중,정기 주문
REC-001962,2025-12-08,대구,기획,고객 1962,27인치 모니터,디스플레이,15,329000,4935000,배송 준비,정기 주문
REC-001963,2025-12-09,울산,운영,고객 1963,USB-C 허브,주변 기기,2,49000,98000,배송 완료,정기 주문
REC-001964,2025-12-10,세종,기획,고객 1964,노트북 거치대,사무 용품,9,67000,603000,반품 검토,정기 주문
REC-001965,2025-12-11,경기,운영,고객 1965,웹캠,영상 장치,16,118000,1888000,결제 확인,정기 주문
REC-001966,2025-12-12,강원,기획,고객 1966,기계식 키보드,입력 장치,3,149000,447000,처리 중,정기 주문
REC-001967,2025-12-13,충북,운영,고객 1967,모니터 암,사무 용품,10,99000,990000,배송 준비,정기 주문
REC-001968,2025-12-14,제주,기획,고객 1968,무선 마우스,입력 장치,17,59000,1003000,배송 완료,정기 주문
REC-001969,2025-12-15,서울,운영,고객 1969,휴대용 SSD,저장 장치,4,179000,716000,반품 검토,정기 주문
REC-001970,2025-12-16,부산,기획,고객 1970,헤드셋,음향 장치,11,129000,1419000,결제 확인,정기 주문
REC-001971,2025-12-17,대전,운영,고객 1971,무선 키보드,입력 장치,18,89000,1602000,처리 중,정기 주문
REC-001972,2025-12-18,인천,기획,고객 1972,27인치 모니터,디스플레이,5,329000,1645000,배송 준비,정기 주문
REC-001973,2025-12-19,광주,운영,고객 1973,USB-C 허브,주변 기기,12,49000,588000,배송 완료,정기 주문
REC-001974,2025-12-20,대구,기획,고객 1974,노트북 거치대,사무 용품,19,67000,1273000,반품 검토,정기 주문
REC-001975,2025-12-21,울산,운영,고객 1975,웹캠,영상 장치,6,118000,708000,결제 확인,정기 주문
REC-001976,2025-12-22,세종,기획,고객 1976,기계식 키보드,입력 장치,13,149000,1937000,처리 중,정기 주문
REC-001977,2025-12-23,경기,운영,고객 1977,모니터 암,사무 용품,20,99000,1980000,배송 준비,정기 주문
REC-001978,2025-12-24,강원,기획,고객 1978,무선 마우스,입력 장치,7,59000,413000,배송 완료,정기 주문
REC-001979,2025-12-25,충북,운영,고객 1979,휴대용 SSD,저장 장치,14,179000,2506000,반품 검토,정기 주문
REC-001980,2025-12-26,제주,기획,고객 1980,헤드셋,음향 장치,1,129000,129000,결제 확인,정기 주문
REC-001981,2025-12-27,서울,운영,고객 1981,무선 키보드,입력 장치,8,89000,712000,처리 중,정기 주문
REC-001982,2025-12-28,부산,기획,고객 1982,27인치 모니터,디스플레이,15,329000,4935000,배송 준비,정기 주문
REC-001983,2025-12-29,대전,운영,고객 1983,USB-C 허브,주변 기기,2,49000,98000,배송 완료,정기 주문
REC-001984,2025-12-30,인천,기획,고객 1984,노트북 거치대,사무 용품,9,67000,603000,반품 검토,세금계산서 발행
REC-001985,2025-12-31,광주,운영,고객 1985,웹캠,영상 장치,16,118000,1888000,결제 확인,정기 주문
REC-001986,2026-01-01,대구,기획,고객 1986,기계식 키보드,입력 장치,3,149000,447000,처리 중,정기 주문
REC-001987,2026-01-02,울산,운영,고객 1987,모니터 암,사무 용품,10,99000,990000,배송 준비,정기 주문
REC-001988,2026-01-03,세종,기획,고객 1988,무선 마우스,입력 장치,17,59000,1003000,배송 완료,정기 주문
REC-001989,2026-01-04,경기,운영,고객 1989,휴대용 SSD,저장 장치,4,179000,716000,반품 검토,정기 주문
REC-001990,2026-01-05,강원,기획,고객 1990,헤드셋,음향 장치,11,129000,1419000,결제 확인,정기 주문
REC-001991,2026-01-06,충북,운영,고객 1991,무선 키보드,입력 장치,18,89000,1602000,처리 중,정기 주문
REC-001992,2026-01-07,제주,기획,고객 1992,27인치 모니터,디스플레이,5,329000,1645000,배송 준비,정기 주문
REC-001993,2026-01-08,서울,운영,고객 1993,USB-C 허브,주변 기기,12,49000,588000,배송 완료,정기 주문
REC-001994,2026-01-09,부산,기획,고객 1994,노트북 거치대,사무 용품,19,67000,1273000,반품 검토,정기 주문
REC-001995,2026-01-10,대전,운영,고객 1995,웹캠,영상 장치,6,118000,708000,결제 확인,정기 주문
REC-001996,2026-01-11,인천,기획,고객 1996,기계식 키보드,입력 장치,13,149000,1937000,처리 중,정기 주문
REC-001997,2026-01-12,광주,운영,고객 1997,모니터 암,사무 용품,20,99000,1980000,배송 준비,정기 주문
REC-001998,2026-01-13,대구,기획,고객 1998,무선 마우스,입력 장치,7,59000,413000,배송 완료,정기 주문
REC-001999,2026-01-14,울산,운영,고객 1999,휴대용 SSD,저장 장치,14,179000,2506000,반품 검토,정기 주문
REC-002000,2026-01-15,세종,기획,고객 2000,헤드셋,음향 장치,1,129000,129000,결제 확인,"분기 마감 주문, 담당자 ""재확인"" 필요"
REC-002001,2026-01-16,경기,운영,고객 2001,무선 키보드,입력 장치,8,89000,712000,처리 중,정기 주문
REC-002002,2026-01-17,강원,기획,고객 2002,27인치 모니터,디스플레이,15,329000,4935000,배송 준비,정기 주문
REC-002003,2026-01-18,충북,운영,고객 2003,USB-C 허브,주변 기기,2,49000,98000,배송 완료,정기 주문
REC-002004,2026-01-19,제주,기획,고객 2004,노트북 거치대,사무 용품,9,67000,603000,반품 검토,정기 주문
REC-002005,2026-01-20,서울,운영,고객 2005,웹캠,영상 장치,16,118000,1888000,결제 확인,정기 주문
REC-002006,2026-01-21,부산,기획,고객 2006,기계식 키보드,입력 장치,3,149000,447000,처리 중,정기 주문
REC-002007,2026-01-22,대전,운영,고객 2007,모니터 암,사무 용품,10,99000,990000,배송 준비,정기 주문
REC-002008,2026-01-23,인천,기획,고객 2008,무선 마우스,입력 장치,17,59000,1003000,배송 완료,정기 주문
REC-002009,2026-01-24,광주,운영,고객 2009,휴대용 SSD,저장 장치,4,179000,716000,반품 검토,정기 주문
REC-002010,2026-01-25,대구,기획,고객 2010,헤드셋,음향 장치,11,129000,1419000,결제 확인,정기 주문
REC-002011,2026-01-26,울산,운영,고객 2011,무선 키보드,입력 장치,18,89000,1602000,처리 중,정기 주문
REC-002012,2026-01-27,세종,기획,고객 2012,27인치 모니터,디스플레이,5,329000,1645000,배송 준비,정기 주문
REC-002013,2026-01-28,경기,운영,고객 2013,USB-C 허브,주변 기기,12,49000,588000,배송 완료,정기 주문
REC-002014,2026-01-29,강원,기획,고객 2014,노트북 거치대,사무 용품,19,67000,1273000,반품 검토,정기 주문
REC-002015,2026-01-30,충북,운영,고객 2015,웹캠,영상 장치,6,118000,708000,결제 확인,세금계산서 발행
REC-002016,2026-01-31,제주,기획,고객 2016,기계식 키보드,입력 장치,13,149000,1937000,처리 중,정기 주문
REC-002017,2026-02-01,서울,운영,고객 2017,모니터 암,사무 용품,20,99000,1980000,배송 준비,정기 주문
REC-002018,2026-02-02,부산,기획,고객 2018,무선 마우스,입력 장치,7,59000,413000,배송 완료,정기 주문
REC-002019,2026-02-03,대전,운영,고객 2019,휴대용 SSD,저장 장치,14,179000,2506000,반품 검토,정기 주문
REC-002020,2026-02-04,인천,기획,고객 2020,헤드셋,음향 장치,1,129000,129000,결제 확인,정기 주문
REC-002021,2026-02-05,광주,운영,고객 2021,무선 키보드,입력 장치,8,89000,712000,처리 중,정기 주문
REC-002022,2026-02-06,대구,기획,고객 2022,27인치 모니터,디스플레이,15,329000,4935000,배송 준비,정기 주문
REC-002023,2026-02-07,울산,운영,고객 2023,USB-C 허브,주변 기기,2,49000,98000,배송 완료,정기 주문
REC-002024,2026-02-08,세종,기획,고객 2024,노트북 거치대,사무 용품,9,67000,603000,반품 검토,정기 주문
REC-002025,2026-02-09,경기,운영,고객 2025,웹캠,영상 장치,16,118000,1888000,결제 확인,정기 주문
REC-002026,2026-02-10,강원,기획,고객 2026,기계식 키보드,입력 장치,3,149000,447000,처리 중,정기 주문
REC-002027,2026-02-11,충북,운영,고객 2027,모니터 암,사무 용품,10,99000,990000,배송 준비,정기 주문
REC-002028,2026-02-12,제주,기획,고객 2028,무선 마우스,입력 장치,17,59000,1003000,배송 완료,정기 주문
REC-002029,2026-02-13,서울,운영,고객 2029,휴대용 SSD,저장 장치,4,179000,716000,반품 검토,정기 주문
REC-002030,2026-02-14,부산,기획,고객 2030,헤드셋,음향 장치,11,129000,1419000,결제 확인,정기 주문
REC-002031,2026-02-15,대전,운영,고객 2031,무선 키보드,입력 장치,18,89000,1602000,처리 중,정기 주문
REC-002032,2026-02-16,인천,기획,고객 2032,27인치 모니터,디스플레이,5,329000,1645000,배송 준비,정기 주문
REC-002033,2026-02-17,광주,운영,고객 2033,USB-C 허브,주변 기기,12,49000,588000,배송 완료,정기 주문
REC-002034,2026-02-18,대구,기획,고객 2034,노트북 거치대,사무 용품,19,67000,1273000,반품 검토,정기 주문
REC-002035,2026-02-19,울산,운영,고객 2035,웹캠,영상 장치,6,118000,708000,결제 확인,정기 주문
REC-002036,2026-02-20,세종,기획,고객 2036,기계식 키보드,입력 장치,13,149000,1937000,처리 중,정기 주문
REC-002037,2026-02-21,경기,운영,고객 2037,모니터 암,사무 용품,20,99000,1980000,배송 준비,"우선 처리, 오전 출고"
REC-002038,2026-02-22,강원,기획,고객 2038,무선 마우스,입력 장치,7,59000,413000,배송 완료,정기 주문
REC-002039,2026-02-23,충북,운영,고객 2039,휴대용 SSD,저장 장치,14,179000,2506000,반품 검토,정기 주문
REC-002040,2026-02-24,제주,기획,고객 2040,헤드셋,음향 장치,1,129000,129000,결제 확인,정기 주문
REC-002041,2026-02-25,서울,운영,고객 2041,무선 키보드,입력 장치,8,89000,712000,처리 중,정기 주문
REC-002042,2026-02-26,부산,기획,고객 2042,27인치 모니터,디스플레이,15,329000,4935000,배송 준비,정기 주문
REC-002043,2026-02-27,대전,운영,고객 2043,USB-C 허브,주변 기기,2,49000,98000,배송 완료,정기 주문
REC-002044,2026-02-28,인천,기획,고객 2044,노트북 거치대,사무 용품,9,67000,603000,반품 검토,정기 주문
REC-002045,2026-03-01,광주,운영,고객 2045,웹캠,영상 장치,16,118000,1888000,결제 확인,정기 주문
REC-002046,2026-03-02,대구,기획,고객 2046,기계식 키보드,입력 장치,3,149000,447000,처리 중,세금계산서 발행
REC-002047,2026-03-03,울산,운영,고객 2047,모니터 암,사무 용품,10,99000,990000,배송 준비,정기 주문
REC-002048,2026-03-04,세종,기획,고객 2048,무선 마우스,입력 장치,17,59000,1003000,배송 완료,정기 주문
REC-002049,2026-03-05,경기,운영,고객 2049,휴대용 SSD,저장 장치,4,179000,716000,반품 검토,정기 주문
REC-002050,2026-03-06,강원,기획,고객 2050,헤드셋,음향 장치,11,129000,1419000,결제 확인,정기 주문
REC-002051,2026-03-07,충북,운영,고객 2051,무선 키보드,입력 장치,18,89000,1602000,처리 중,정기 주문
REC-002052,2026-03-08,제주,기획,고객 2052,27인치 모니터,디스플레이,5,329000,1645000,배송 준비,정기 주문
REC-002053,2026-03-09,서울,운영,고객 2053,USB-C 허브,주변 기기,12,49000,588000,배송 완료,정기 주문
REC-002054,2026-03-10,부산,기획,고객 2054,노트북 거치대,사무 용품,19,67000,1273000,반품 검토,정기 주문
REC-002055,2026-03-11,대전,운영,고객 2055,웹캠,영상 장치,6,118000,708000,결제 확인,정기 주문
REC-002056,2026-03-12,인천,기획,고객 2056,기계식 키보드,입력 장치,13,149000,1937000,처리 중,정기 주문
REC-002057,2026-03-13,광주,운영,고객 2057,모니터 암,사무 용품,20,99000,1980000,배송 준비,정기 주문
REC-002058,2026-03-14,대구,기획,고객 2058,무선 마우스,입력 장치,7,59000,413000,배송 완료,정기 주문
REC-002059,2026-03-15,울산,운영,고객 2059,휴대용 SSD,저장 장치,14,179000,2506000,반품 검토,정기 주문
REC-002060,2026-03-16,세종,기획,고객 2060,헤드셋,음향 장치,1,129000,129000,결제 확인,정기 주문
REC-002061,2026-03-17,경기,운영,고객 2061,무선 키보드,입력 장치,8,89000,712000,처리 중,정기 주문
REC-002062,2026-03-18,강원,기획,고객 2062,27인치 모니터,디스플레이,15,329000,4935000,배송 준비,정기 주문
REC-002063,2026-03-19,충북,운영,고객 2063,USB-C 허브,주변 기기,2,49000,98000,배송 완료,정기 주문
REC-002064,2026-03-20,제주,기획,고객 2064,노트북 거치대,사무 용품,9,67000,603000,반품 검토,정기 주문
REC-002065,2026-03-21,서울,운영,고객 2065,웹캠,영상 장치,16,118000,1888000,결제 확인,정기 주문
REC-002066,2026-03-22,부산,기획,고객 2066,기계식 키보드,입력 장치,3,149000,447000,처리 중,정기 주문
REC-002067,2026-03-23,대전,운영,고객 2067,모니터 암,사무 용품,10,99000,990000,배송 준비,정기 주문
REC-002068,2026-03-24,인천,기획,고객 2068,무선 마우스,입력 장치,17,59000,1003000,배송 완료,정기 주문
REC-002069,2026-03-25,광주,운영,고객 2069,휴대용 SSD,저장 장치,4,179000,716000,반품 검토,정기 주문
REC-002070,2026-03-26,대구,기획,고객 2070,헤드셋,음향 장치,11,129000,1419000,결제 확인,정기 주문
REC-002071,2026-03-27,울산,운영,고객 2071,무선 키보드,입력 장치,18,89000,1602000,처리 중,정기 주문
REC-002072,2026-03-28,세종,기획,고객 2072,27인치 모니터,디스플레이,5,329000,1645000,배송 준비,정기 주문
REC-002073,2026-03-29,경기,운영,고객 2073,USB-C 허브,주변 기기,12,49000,588000,배송 완료,정기 주문
REC-002074,2026-03-30,강원,기획,고객 2074,노트북 거치대,사무 용품,19,67000,1273000,반품 검토,정기 주문
REC-002075,2026-03-31,충북,운영,고객 2075,웹캠,영상 장치,6,118000,708000,결제 확인,정기 주문
REC-002076,2026-04-01,제주,기획,고객 2076,기계식 키보드,입력 장치,13,149000,1937000,처리 중,정기 주문
REC-002077,2026-04-02,서울,운영,고객 2077,모니터 암,사무 용품,20,99000,1980000,배송 준비,세금계산서 발행
REC-002078,2026-04-03,부산,기획,고객 2078,무선 마우스,입력 장치,7,59000,413000,배송 완료,정기 주문
REC-002079,2026-04-04,대전,운영,고객 2079,휴대용 SSD,저장 장치,14,179000,2506000,반품 검토,정기 주문
REC-002080,2026-04-05,인천,기획,고객 2080,헤드셋,음향 장치,1,129000,129000,결제 확인,정기 주문
REC-002081,2026-04-06,광주,운영,고객 2081,무선 키보드,입력 장치,8,89000,712000,처리 중,정기 주문
REC-002082,2026-04-07,대구,기획,고객 2082,27인치 모니터,디스플레이,15,329000,4935000,배송 준비,정기 주문
REC-002083,2026-04-08,울산,운영,고객 2083,USB-C 허브,주변 기기,2,49000,98000,배송 완료,정기 주문
REC-002084,2026-04-09,세종,기획,고객 2084,노트북 거치대,사무 용품,9,67000,603000,반품 검토,정기 주문
REC-002085,2026-04-10,경기,운영,고객 2085,웹캠,영상 장치,16,118000,1888000,결제 확인,정기 주문
REC-002086,2026-04-11,강원,기획,고객 2086,기계식 키보드,입력 장치,3,149000,447000,처리 중,정기 주문
REC-002087,2026-04-12,충북,운영,고객 2087,모니터 암,사무 용품,10,99000,990000,배송 준비,정기 주문
REC-002088,2026-04-13,제주,기획,고객 2088,무선 마우스,입력 장치,17,59000,1003000,배송 완료,정기 주문
REC-002089,2026-04-14,서울,운영,고객 2089,휴대용 SSD,저장 장치,4,179000,716000,반품 검토,정기 주문
REC-002090,2026-04-15,부산,기획,고객 2090,헤드셋,음향 장치,11,129000,1419000,결제 확인,정기 주문
REC-002091,2026-04-16,대전,운영,고객 2091,무선 키보드,입력 장치,18,89000,1602000,처리 중,정기 주문
REC-002092,2026-04-17,인천,기획,고객 2092,27인치 모니터,디스플레이,5,329000,1645000,배송 준비,정기 주문
REC-002093,2026-04-18,광주,운영,고객 2093,USB-C 허브,주변 기기,12,49000,588000,배송 완료,정기 주문
REC-002094,2026-04-19,대구,기획,고객 2094,노트북 거치대,사무 용품,19,67000,1273000,반품 검토,정기 주문
REC-002095,2026-04-20,울산,운영,고객 2095,웹캠,영상 장치,6,118000,708000,결제 확인,정기 주문
REC-002096,2026-04-21,세종,기획,고객 2096,기계식 키보드,입력 장치,13,149000,1937000,처리 중,정기 주문
REC-002097,2026-04-22,경기,운영,고객 2097,모니터 암,사무 용품,20,99000,1980000,배송 준비,정기 주문
REC-002098,2026-04-23,강원,기획,고객 2098,무선 마우스,입력 장치,7,59000,413000,배송 완료,정기 주문
REC-002099,2026-04-24,충북,운영,고객 2099,휴대용 SSD,저장 장치,14,179000,2506000,반품 검토,정기 주문
REC-002100,2026-04-25,제주,기획,고객 2100,헤드셋,음향 장치,1,129000,129000,결제 확인,정기 주문
REC-002101,2026-04-26,서울,운영,고객 2101,무선 키보드,입력 장치,8,89000,712000,처리 중,정기 주문
REC-002102,2026-04-27,부산,기획,고객 2102,27인치 모니터,디스플레이,15,329000,4935000,배송 준비,정기 주문
REC-002103,2026-04-28,대전,운영,고객 2103,USB-C 허브,주변 기기,2,49000,98000,배송 완료,정기 주문
REC-002104,2026-04-29,인천,기획,고객 2104,노트북 거치대,사무 용품,9,67000,603000,반품 검토,정기 주문
REC-002105,2026-04-30,광주,운영,고객 2105,웹캠,영상 장치,16,118000,1888000,결제 확인,정기 주문
REC-002106,2026-05-01,대구,기획,고객 2106,기계식 키보드,입력 장치,3,149000,447000,처리 중,정기 주문
REC-002107,2026-05-02,울산,운영,고객 2107,모니터 암,사무 용품,10,99000,990000,배송 준비,정기 주문
REC-002108,2026-05-03,세종,기획,고객 2108,무선 마우스,입력 장치,17,59000,1003000,배송 완료,세금계산서 발행
REC-002109,2026-05-04,경기,운영,고객 2109,휴대용 SSD,저장 장치,4,179000,716000,반품 검토,정기 주문
REC-002110,2026-05-05,강원,기획,고객 2110,헤드셋,음향 장치,11,129000,1419000,결제 확인,정기 주문
REC-002111,2026-05-06,충북,운영,고객 2111,무선 키보드,입력 장치,18,89000,1602000,처리 중,정기 주문
REC-002112,2026-05-07,제주,기획,고객 2112,27인치 모니터,디스플레이,5,329000,1645000,배송 준비,정기 주문
REC-002113,2026-05-08,서울,운영,고객 2113,USB-C 허브,주변 기기,12,49000,588000,배송 완료,정기 주문
REC-002114,2026-05-09,부산,기획,고객 2114,노트북 거치대,사무 용품,19,67000,1273000,반품 검토,정기 주문
REC-002115,2026-05-10,대전,운영,고객 2115,웹캠,영상 장치,6,118000,708000,결제 확인,정기 주문
REC-002116,2026-05-11,인천,기획,고객 2116,기계식 키보드,입력 장치,13,149000,1937000,처리 중,정기 주문
REC-002117,2026-05-12,광주,운영,고객 2117,모니터 암,사무 용품,20,99000,1980000,배송 준비,정기 주문
REC-002118,2026-05-13,대구,기획,고객 2118,무선 마우스,입력 장치,7,59000,413000,배송 완료,정기 주문
REC-002119,2026-05-14,울산,운영,고객 2119,휴대용 SSD,저장 장치,14,179000,2506000,반품 검토,정기 주문
REC-002120,2026-05-15,세종,기획,고객 2120,헤드셋,음향 장치,1,129000,129000,결제 확인,정기 주문
REC-002121,2026-05-16,경기,운영,고객 2121,무선 키보드,입력 장치,8,89000,712000,처리 중,정기 주문
REC-002122,2026-05-17,강원,기획,고객 2122,27인치 모니터,디스플레이,15,329000,4935000,배송 준비,정기 주문
REC-002123,2026-05-18,충북,운영,고객 2123,USB-C 허브,주변 기기,2,49000,98000,배송 완료,정기 주문
REC-002124,2026-05-19,제주,기획,고객 2124,노트북 거치대,사무 용품,9,67000,603000,반품 검토,정기 주문
REC-002125,2026-05-20,서울,운영,고객 2125,웹캠,영상 장치,16,118000,1888000,결제 확인,정기 주문
REC-002126,2026-05-21,부산,기획,고객 2126,기계식 키보드,입력 장치,3,149000,447000,처리 중,정기 주문
REC-002127,2026-05-22,대전,운영,고객 2127,모니터 암,사무 용품,10,99000,990000,배송 준비,정기 주문
REC-002128,2026-05-23,인천,기획,고객 2128,무선 마우스,입력 장치,17,59000,1003000,배송 완료,정기 주문
REC-002129,2026-05-24,광주,운영,고객 2129,휴대용 SSD,저장 장치,4,179000,716000,반품 검토,정기 주문
REC-002130,2026-05-25,대구,기획,고객 2130,헤드셋,음향 장치,11,129000,1419000,결제 확인,정기 주문
REC-002131,2026-05-26,울산,운영,고객 2131,무선 키보드,입력 장치,18,89000,1602000,처리 중,정기 주문
REC-002132,2026-05-27,세종,기획,고객 2132,27인치 모니터,디스플레이,5,329000,1645000,배송 준비,정기 주문
REC-002133,2026-05-28,경기,운영,고객 2133,USB-C 허브,주변 기기,12,49000,588000,배송 완료,정기 주문
REC-002134,2026-05-29,강원,기획,고객 2134,노트북 거치대,사무 용품,19,67000,1273000,반품 검토,"우선 처리, 오전 출고"
REC-002135,2026-05-30,충북,운영,고객 2135,웹캠,영상 장치,6,118000,708000,결제 확인,정기 주문
REC-002136,2026-05-31,제주,기획,고객 2136,기계식 키보드,입력 장치,13,149000,1937000,처리 중,정기 주문
REC-002137,2026-06-01,서울,운영,고객 2137,모니터 암,사무 용품,20,99000,1980000,배송 준비,정기 주문
REC-002138,2026-06-02,부산,기획,고객 2138,무선 마우스,입력 장치,7,59000,413000,배송 완료,정기 주문
REC-002139,2026-06-03,대전,운영,고객 2139,휴대용 SSD,저장 장치,14,179000,2506000,반품 검토,세금계산서 발행
REC-002140,2026-06-04,인천,기획,고객 2140,헤드셋,음향 장치,1,129000,129000,결제 확인,정기 주문
REC-002141,2026-06-05,광주,운영,고객 2141,무선 키보드,입력 장치,8,89000,712000,처리 중,정기 주문
REC-002142,2026-06-06,대구,기획,고객 2142,27인치 모니터,디스플레이,15,329000,4935000,배송 준비,정기 주문
REC-002143,2026-06-07,울산,운영,고객 2143,USB-C 허브,주변 기기,2,49000,98000,배송 완료,정기 주문
REC-002144,2026-06-08,세종,기획,고객 2144,노트북 거치대,사무 용품,9,67000,603000,반품 검토,정기 주문
REC-002145,2026-06-09,경기,운영,고객 2145,웹캠,영상 장치,16,118000,1888000,결제 확인,정기 주문
REC-002146,2026-06-10,강원,기획,고객 2146,기계식 키보드,입력 장치,3,149000,447000,처리 중,정기 주문
REC-002147,2026-06-11,충북,운영,고객 2147,모니터 암,사무 용품,10,99000,990000,배송 준비,정기 주문
REC-002148,2026-06-12,제주,기획,고객 2148,무선 마우스,입력 장치,17,59000,1003000,배송 완료,정기 주문
REC-002149,2026-06-13,서울,운영,고객 2149,휴대용 SSD,저장 장치,4,179000,716000,반품 검토,정기 주문
REC-002150,2026-06-14,부산,기획,고객 2150,헤드셋,음향 장치,11,129000,1419000,결제 확인,정기 주문
REC-002151,2026-06-15,대전,운영,고객 2151,무선 키보드,입력 장치,18,89000,1602000,처리 중,정기 주문
REC-002152,2026-06-16,인천,기획,고객 2152,27인치 모니터,디스플레이,5,329000,1645000,배송 준비,정기 주문
REC-002153,2026-06-17,광주,운영,고객 2153,USB-C 허브,주변 기기,12,49000,588000,배송 완료,정기 주문
REC-002154,2026-06-18,대구,기획,고객 2154,노트북 거치대,사무 용품,19,67000,1273000,반품 검토,정기 주문
REC-002155,2026-06-19,울산,운영,고객 2155,웹캠,영상 장치,6,118000,708000,결제 확인,정기 주문
REC-002156,2026-06-20,세종,기획,고객 2156,기계식 키보드,입력 장치,13,149000,1937000,처리 중,정기 주문
REC-002157,2026-06-21,경기,운영,고객 2157,모니터 암,사무 용품,20,99000,1980000,배송 준비,정기 주문
REC-002158,2026-06-22,강원,기획,고객 2158,무선 마우스,입력 장치,7,59000,413000,배송 완료,정기 주문
REC-002159,2026-06-23,충북,운영,고객 2159,휴대용 SSD,저장 장치,14,179000,2506000,반품 검토,정기 주문
REC-002160,2026-06-24,제주,기획,고객 2160,헤드셋,음향 장치,1,129000,129000,결제 확인,정기 주문
REC-002161,2025-01-01,서울,운영,고객 2161,무선 키보드,입력 장치,8,89000,712000,처리 중,정기 주문
REC-002162,2025-01-02,부산,기획,고객 2162,27인치 모니터,디스플레이,15,329000,4935000,배송 준비,정기 주문
REC-002163,2025-01-03,대전,운영,고객 2163,USB-C 허브,주변 기기,2,49000,98000,배송 완료,정기 주문
REC-002164,2025-01-04,인천,기획,고객 2164,노트북 거치대,사무 용품,9,67000,603000,반품 검토,정기 주문
REC-002165,2025-01-05,광주,운영,고객 2165,웹캠,영상 장치,16,118000,1888000,결제 확인,정기 주문
REC-002166,2025-01-06,대구,기획,고객 2166,기계식 키보드,입력 장치,3,149000,447000,처리 중,정기 주문
REC-002167,2025-01-07,울산,운영,고객 2167,모니터 암,사무 용품,10,99000,990000,배송 준비,정기 주문
REC-002168,2025-01-08,세종,기획,고객 2168,무선 마우스,입력 장치,17,59000,1003000,배송 완료,정기 주문
REC-002169,2025-01-09,경기,운영,고객 2169,휴대용 SSD,저장 장치,4,179000,716000,반품 검토,정기 주문
REC-002170,2025-01-10,강원,기획,고객 2170,헤드셋,음향 장치,11,129000,1419000,결제 확인,세금계산서 발행
REC-002171,2025-01-11,충북,운영,고객 2171,무선 키보드,입력 장치,18,89000,1602000,처리 중,정기 주문
REC-002172,2025-01-12,제주,기획,고객 2172,27인치 모니터,디스플레이,5,329000,1645000,배송 준비,정기 주문
REC-002173,2025-01-13,서울,운영,고객 2173,USB-C 허브,주변 기기,12,49000,588000,배송 완료,정기 주문
REC-002174,2025-01-14,부산,기획,고객 2174,노트북 거치대,사무 용품,19,67000,1273000,반품 검토,정기 주문
REC-002175,2025-01-15,대전,운영,고객 2175,웹캠,영상 장치,6,118000,708000,결제 확인,정기 주문
REC-002176,2025-01-16,인천,기획,고객 2176,기계식 키보드,입력 장치,13,149000,1937000,처리 중,정기 주문
REC-002177,2025-01-17,광주,운영,고객 2177,모니터 암,사무 용품,20,99000,1980000,배송 준비,정기 주문
REC-002178,2025-01-18,대구,기획,고객 2178,무선 마우스,입력 장치,7,59000,413000,배송 완료,정기 주문
REC-002179,2025-01-19,울산,운영,고객 2179,휴대용 SSD,저장 장치,14,179000,2506000,반품 검토,정기 주문
REC-002180,2025-01-20,세종,기획,고객 2180,헤드셋,음향 장치,1,129000,129000,결제 확인,정기 주문
REC-002181,2025-01-21,경기,운영,고객 2181,무선 키보드,입력 장치,8,89000,712000,처리 중,정기 주문
REC-002182,2025-01-22,강원,기획,고객 2182,27인치 모니터,디스플레이,15,329000,4935000,배송 준비,정기 주문
REC-002183,2025-01-23,충북,운영,고객 2183,USB-C 허브,주변 기기,2,49000,98000,배송 완료,정기 주문
REC-002184,2025-01-24,제주,기획,고객 2184,노트북 거치대,사무 용품,9,67000,603000,반품 검토,정기 주문
REC-002185,2025-01-25,서울,운영,고객 2185,웹캠,영상 장치,16,118000,1888000,결제 확인,정기 주문
REC-002186,2025-01-26,부산,기획,고객 2186,기계식 키보드,입력 장치,3,149000,447000,처리 중,정기 주문
REC-002187,2025-01-27,대전,운영,고객 2187,모니터 암,사무 용품,10,99000,990000,배송 준비,정기 주문
REC-002188,2025-01-28,인천,기획,고객 2188,무선 마우스,입력 장치,17,59000,1003000,배송 완료,정기 주문
REC-002189,2025-01-29,광주,운영,고객 2189,휴대용 SSD,저장 장치,4,179000,716000,반품 검토,정기 주문
REC-002190,2025-01-30,대구,기획,고객 2190,헤드셋,음향 장치,11,129000,1419000,결제 확인,정기 주문
REC-002191,2025-01-31,울산,운영,고객 2191,무선 키보드,입력 장치,18,89000,1602000,처리 중,정기 주문
REC-002192,2025-02-01,세종,기획,고객 2192,27인치 모니터,디스플레이,5,329000,1645000,배송 준비,정기 주문
REC-002193,2025-02-02,경기,운영,고객 2193,USB-C 허브,주변 기기,12,49000,588000,배송 완료,정기 주문
REC-002194,2025-02-03,강원,기획,고객 2194,노트북 거치대,사무 용품,19,67000,1273000,반품 검토,정기 주문
REC-002195,2025-02-04,충북,운영,고객 2195,웹캠,영상 장치,6,118000,708000,결제 확인,정기 주문
REC-002196,2025-02-05,제주,기획,고객 2196,기계식 키보드,입력 장치,13,149000,1937000,처리 중,정기 주문
REC-002197,2025-02-06,서울,운영,고객 2197,모니터 암,사무 용품,20,99000,1980000,배송 준비,정기 주문
REC-002198,2025-02-07,부산,기획,고객 2198,무선 마우스,입력 장치,7,59000,413000,배송 완료,정기 주문
REC-002199,2025-02-08,대전,운영,고객 2199,휴대용 SSD,저장 장치,14,179000,2506000,반품 검토,정기 주문
REC-002200,2025-02-09,인천,기획,고객 2200,헤드셋,음향 장치,1,129000,129000,결제 확인,정기 주문
REC-002201,2025-02-10,광주,운영,고객 2201,무선 키보드,입력 장치,8,89000,712000,처리 중,세금계산서 발행
REC-002202,2025-02-11,대구,기획,고객 2202,27인치 모니터,디스플레이,15,329000,4935000,배송 준비,정기 주문
REC-002203,2025-02-12,울산,운영,고객 2203,USB-C 허브,주변 기기,2,49000,98000,배송 완료,정기 주문
REC-002204,2025-02-13,세종,기획,고객 2204,노트북 거치대,사무 용품,9,67000,603000,반품 검토,정기 주문
REC-002205,2025-02-14,경기,운영,고객 2205,웹캠,영상 장치,16,118000,1888000,결제 확인,정기 주문
REC-002206,2025-02-15,강원,기획,고객 2206,기계식 키보드,입력 장치,3,149000,447000,처리 중,정기 주문
REC-002207,2025-02-16,충북,운영,고객 2207,모니터 암,사무 용품,10,99000,990000,배송 준비,정기 주문
REC-002208,2025-02-17,제주,기획,고객 2208,무선 마우스,입력 장치,17,59000,1003000,배송 완료,정기 주문
REC-002209,2025-02-18,서울,운영,고객 2209,휴대용 SSD,저장 장치,4,179000,716000,반품 검토,정기 주문
REC-002210,2025-02-19,부산,기획,고객 2210,헤드셋,음향 장치,11,129000,1419000,결제 확인,정기 주문
REC-002211,2025-02-20,대전,운영,고객 2211,무선 키보드,입력 장치,18,89000,1602000,처리 중,정기 주문
REC-002212,2025-02-21,인천,기획,고객 2212,27인치 모니터,디스플레이,5,329000,1645000,배송 준비,정기 주문
REC-002213,2025-02-22,광주,운영,고객 2213,USB-C 허브,주변 기기,12,49000,588000,배송 완료,정기 주문
REC-002214,2025-02-23,대구,기획,고객 2214,노트북 거치대,사무 용품,19,67000,1273000,반품 검토,정기 주문
REC-002215,2025-02-24,울산,운영,고객 2215,웹캠,영상 장치,6,118000,708000,결제 확인,정기 주문
REC-002216,2025-02-25,세종,기획,고객 2216,기계식 키보드,입력 장치,13,149000,1937000,처리 중,정기 주문
REC-002217,2025-02-26,경기,운영,고객 2217,모니터 암,사무 용품,20,99000,1980000,배송 준비,정기 주문
REC-002218,2025-02-27,강원,기획,고객 2218,무선 마우스,입력 장치,7,59000,413000,배송 완료,정기 주문
REC-002219,2025-02-28,충북,운영,고객 2219,휴대용 SSD,저장 장치,14,179000,2506000,반품 검토,정기 주문
REC-002220,2025-03-01,제주,기획,고객 2220,헤드셋,음향 장치,1,129000,129000,결제 확인,정기 주문
REC-002221,2025-03-02,서울,운영,고객 2221,무선 키보드,입력 장치,8,89000,712000,처리 중,정기 주문
REC-002222,2025-03-03,부산,기획,고객 2222,27인치 모니터,디스플레이,15,329000,4935000,배송 준비,정기 주문
REC-002223,2025-03-04,대전,운영,고객 2223,USB-C 허브,주변 기기,2,49000,98000,배송 완료,정기 주문
REC-002224,2025-03-05,인천,기획,고객 2224,노트북 거치대,사무 용품,9,67000,603000,반품 검토,정기 주문
REC-002225,2025-03-06,광주,운영,고객 2225,웹캠,영상 장치,16,118000,1888000,결제 확인,정기 주문
REC-002226,2025-03-07,대구,기획,고객 2226,기계식 키보드,입력 장치,3,149000,447000,처리 중,정기 주문
REC-002227,2025-03-08,울산,운영,고객 2227,모니터 암,사무 용품,10,99000,990000,배송 준비,정기 주문
REC-002228,2025-03-09,세종,기획,고객 2228,무선 마우스,입력 장치,17,59000,1003000,배송 완료,정기 주문
REC-002229,2025-03-10,경기,운영,고객 2229,휴대용 SSD,저장 장치,4,179000,716000,반품 검토,정기 주문
REC-002230,2025-03-11,강원,기획,고객 2230,헤드셋,음향 장치,11,129000,1419000,결제 확인,정기 주문
REC-002231,2025-03-12,충북,운영,고객 2231,무선 키보드,입력 장치,18,89000,1602000,처리 중,"우선 처리, 오전 출고"
REC-002232,2025-03-13,제주,기획,고객 2232,27인치 모니터,디스플레이,5,329000,1645000,배송 준비,세금계산서 발행
REC-002233,2025-03-14,서울,운영,고객 2233,USB-C 허브,주변 기기,12,49000,588000,배송 완료,정기 주문
REC-002234,2025-03-15,부산,기획,고객 2234,노트북 거치대,사무 용품,19,67000,1273000,반품 검토,정기 주문
REC-002235,2025-03-16,대전,운영,고객 2235,웹캠,영상 장치,6,118000,708000,결제 확인,정기 주문
REC-002236,2025-03-17,인천,기획,고객 2236,기계식 키보드,입력 장치,13,149000,1937000,처리 중,정기 주문
REC-002237,2025-03-18,광주,운영,고객 2237,모니터 암,사무 용품,20,99000,1980000,배송 준비,정기 주문
REC-002238,2025-03-19,대구,기획,고객 2238,무선 마우스,입력 장치,7,59000,413000,배송 완료,정기 주문
REC-002239,2025-03-20,울산,운영,고객 2239,휴대용 SSD,저장 장치,14,179000,2506000,반품 검토,정기 주문
REC-002240,2025-03-21,세종,기획,고객 2240,헤드셋,음향 장치,1,129000,129000,결제 확인,정기 주문
REC-002241,2025-03-22,경기,운영,고객 2241,무선 키보드,입력 장치,8,89000,712000,처리 중,정기 주문
REC-002242,2025-03-23,강원,기획,고객 2242,27인치 모니터,디스플레이,15,329000,4935000,배송 준비,정기 주문
REC-002243,2025-03-24,충북,운영,고객 2243,USB-C 허브,주변 기기,2,49000,98000,배송 완료,정기 주문
REC-002244,2025-03-25,제주,기획,고객 2244,노트북 거치대,사무 용품,9,67000,603000,반품 검토,정기 주문
REC-002245,2025-03-26,서울,운영,고객 2245,웹캠,영상 장치,16,118000,1888000,결제 확인,정기 주문
REC-002246,2025-03-27,부산,기획,고객 2246,기계식 키보드,입력 장치,3,149000,447000,처리 중,정기 주문
REC-002247,2025-03-28,대전,운영,고객 2247,모니터 암,사무 용품,10,99000,990000,배송 준비,정기 주문
REC-002248,2025-03-29,인천,기획,고객 2248,무선 마우스,입력 장치,17,59000,1003000,배송 완료,정기 주문
REC-002249,2025-03-30,광주,운영,고객 2249,휴대용 SSD,저장 장치,4,179000,716000,반품 검토,정기 주문
REC-002250,2025-03-31,대구,기획,고객 2250,헤드셋,음향 장치,11,129000,1419000,결제 확인,"분기 마감 주문, 담당자 ""재확인"" 필요"
REC-002251,2025-04-01,울산,운영,고객 2251,무선 키보드,입력 장치,18,89000,1602000,처리 중,정기 주문
REC-002252,2025-04-02,세종,기획,고객 2252,27인치 모니터,디스플레이,5,329000,1645000,배송 준비,정기 주문
REC-002253,2025-04-03,경기,운영,고객 2253,USB-C 허브,주변 기기,12,49000,588000,배송 완료,정기 주문
REC-002254,2025-04-04,강원,기획,고객 2254,노트북 거치대,사무 용품,19,67000,1273000,반품 검토,정기 주문
REC-002255,2025-04-05,충북,운영,고객 2255,웹캠,영상 장치,6,118000,708000,결제 확인,정기 주문
REC-002256,2025-04-06,제주,기획,고객 2256,기계식 키보드,입력 장치,13,149000,1937000,처리 중,정기 주문
REC-002257,2025-04-07,서울,운영,고객 2257,모니터 암,사무 용품,20,99000,1980000,배송 준비,정기 주문
REC-002258,2025-04-08,부산,기획,고객 2258,무선 마우스,입력 장치,7,59000,413000,배송 완료,정기 주문
REC-002259,2025-04-09,대전,운영,고객 2259,휴대용 SSD,저장 장치,14,179000,2506000,반품 검토,정기 주문
REC-002260,2025-04-10,인천,기획,고객 2260,헤드셋,음향 장치,1,129000,129000,결제 확인,정기 주문
REC-002261,2025-04-11,광주,운영,고객 2261,무선 키보드,입력 장치,8,89000,712000,처리 중,정기 주문
REC-002262,2025-04-12,대구,기획,고객 2262,27인치 모니터,디스플레이,15,329000,4935000,배송 준비,정기 주문
REC-002263,2025-04-13,울산,운영,고객 2263,USB-C 허브,주변 기기,2,49000,98000,배송 완료,세금계산서 발행
REC-002264,2025-04-14,세종,기획,고객 2264,노트북 거치대,사무 용품,9,67000,603000,반품 검토,정기 주문
REC-002265,2025-04-15,경기,운영,고객 2265,웹캠,영상 장치,16,118000,1888000,결제 확인,정기 주문
REC-002266,2025-04-16,강원,기획,고객 2266,기계식 키보드,입력 장치,3,149000,447000,처리 중,정기 주문
REC-002267,2025-04-17,충북,운영,고객 2267,모니터 암,사무 용품,10,99000,990000,배송 준비,정기 주문
REC-002268,2025-04-18,제주,기획,고객 2268,무선 마우스,입력 장치,17,59000,1003000,배송 완료,정기 주문
REC-002269,2025-04-19,서울,운영,고객 2269,휴대용 SSD,저장 장치,4,179000,716000,반품 검토,정기 주문
REC-002270,2025-04-20,부산,기획,고객 2270,헤드셋,음향 장치,11,129000,1419000,결제 확인,정기 주문
REC-002271,2025-04-21,대전,운영,고객 2271,무선 키보드,입력 장치,18,89000,1602000,처리 중,정기 주문
REC-002272,2025-04-22,인천,기획,고객 2272,27인치 모니터,디스플레이,5,329000,1645000,배송 준비,정기 주문
REC-002273,2025-04-23,광주,운영,고객 2273,USB-C 허브,주변 기기,12,49000,588000,배송 완료,정기 주문
REC-002274,2025-04-24,대구,기획,고객 2274,노트북 거치대,사무 용품,19,67000,1273000,반품 검토,정기 주문
REC-002275,2025-04-25,울산,운영,고객 2275,웹캠,영상 장치,6,118000,708000,결제 확인,정기 주문
REC-002276,2025-04-26,세종,기획,고객 2276,기계식 키보드,입력 장치,13,149000,1937000,처리 중,정기 주문
REC-002277,2025-04-27,경기,운영,고객 2277,모니터 암,사무 용품,20,99000,1980000,배송 준비,정기 주문
REC-002278,2025-04-28,강원,기획,고객 2278,무선 마우스,입력 장치,7,59000,413000,배송 완료,정기 주문
REC-002279,2025-04-29,충북,운영,고객 2279,휴대용 SSD,저장 장치,14,179000,2506000,반품 검토,정기 주문
REC-002280,2025-04-30,제주,기획,고객 2280,헤드셋,음향 장치,1,129000,129000,결제 확인,정기 주문
REC-002281,2025-05-01,서울,운영,고객 2281,무선 키보드,입력 장치,8,89000,712000,처리 중,정기 주문
REC-002282,2025-05-02,부산,기획,고객 2282,27인치 모니터,디스플레이,15,329000,4935000,배송 준비,정기 주문
REC-002283,2025-05-03,대전,운영,고객 2283,USB-C 허브,주변 기기,2,49000,98000,배송 완료,정기 주문
REC-002284,2025-05-04,인천,기획,고객 2284,노트북 거치대,사무 용품,9,67000,603000,반품 검토,정기 주문
REC-002285,2025-05-05,광주,운영,고객 2285,웹캠,영상 장치,16,118000,1888000,결제 확인,정기 주문
REC-002286,2025-05-06,대구,기획,고객 2286,기계식 키보드,입력 장치,3,149000,447000,처리 중,정기 주문
REC-002287,2025-05-07,울산,운영,고객 2287,모니터 암,사무 용품,10,99000,990000,배송 준비,정기 주문
REC-002288,2025-05-08,세종,기획,고객 2288,무선 마우스,입력 장치,17,59000,1003000,배송 완료,정기 주문
REC-002289,2025-05-09,경기,운영,고객 2289,휴대용 SSD,저장 장치,4,179000,716000,반품 검토,정기 주문
REC-002290,2025-05-10,강원,기획,고객 2290,헤드셋,음향 장치,11,129000,1419000,결제 확인,정기 주문
REC-002291,2025-05-11,충북,운영,고객 2291,무선 키보드,입력 장치,18,89000,1602000,처리 중,정기 주문
REC-002292,2025-05-12,제주,기획,고객 2292,27인치 모니터,디스플레이,5,329000,1645000,배송 준비,정기 주문
REC-002293,2025-05-13,서울,운영,고객 2293,USB-C 허브,주변 기기,12,49000,588000,배송 완료,정기 주문
REC-002294,2025-05-14,부산,기획,고객 2294,노트북 거치대,사무 용품,19,67000,1273000,반품 검토,세금계산서 발행
REC-002295,2025-05-15,대전,운영,고객 2295,웹캠,영상 장치,6,118000,708000,결제 확인,정기 주문
REC-002296,2025-05-16,인천,기획,고객 2296,기계식 키보드,입력 장치,13,149000,1937000,처리 중,정기 주문
REC-002297,2025-05-17,광주,운영,고객 2297,모니터 암,사무 용품,20,99000,1980000,배송 준비,정기 주문
REC-002298,2025-05-18,대구,기획,고객 2298,무선 마우스,입력 장치,7,59000,413000,배송 완료,정기 주문
REC-002299,2025-05-19,울산,운영,고객 2299,휴대용 SSD,저장 장치,14,179000,2506000,반품 검토,정기 주문
REC-002300,2025-05-20,세종,기획,고객 2300,헤드셋,음향 장치,1,129000,129000,결제 확인,정기 주문
REC-002301,2025-05-21,경기,운영,고객 2301,무선 키보드,입력 장치,8,89000,712000,처리 중,정기 주문
REC-002302,2025-05-22,강원,기획,고객 2302,27인치 모니터,디스플레이,15,329000,4935000,배송 준비,정기 주문
REC-002303,2025-05-23,충북,운영,고객 2303,USB-C 허브,주변 기기,2,49000,98000,배송 완료,정기 주문
REC-002304,2025-05-24,제주,기획,고객 2304,노트북 거치대,사무 용품,9,67000,603000,반품 검토,정기 주문
REC-002305,2025-05-25,서울,운영,고객 2305,웹캠,영상 장치,16,118000,1888000,결제 확인,정기 주문
REC-002306,2025-05-26,부산,기획,고객 2306,기계식 키보드,입력 장치,3,149000,447000,처리 중,정기 주문
REC-002307,2025-05-27,대전,운영,고객 2307,모니터 암,사무 용품,10,99000,990000,배송 준비,정기 주문
REC-002308,2025-05-28,인천,기획,고객 2308,무선 마우스,입력 장치,17,59000,1003000,배송 완료,정기 주문
REC-002309,2025-05-29,광주,운영,고객 2309,휴대용 SSD,저장 장치,4,179000,716000,반품 검토,정기 주문
REC-002310,2025-05-30,대구,기획,고객 2310,헤드셋,음향 장치,11,129000,1419000,결제 확인,정기 주문
REC-002311,2025-05-31,울산,운영,고객 2311,무선 키보드,입력 장치,18,89000,1602000,처리 중,정기 주문
REC-002312,2025-06-01,세종,기획,고객 2312,27인치 모니터,디스플레이,5,329000,1645000,배송 준비,정기 주문
REC-002313,2025-06-02,경기,운영,고객 2313,USB-C 허브,주변 기기,12,49000,588000,배송 완료,정기 주문
REC-002314,2025-06-03,강원,기획,고객 2314,노트북 거치대,사무 용품,19,67000,1273000,반품 검토,정기 주문
REC-002315,2025-06-04,충북,운영,고객 2315,웹캠,영상 장치,6,118000,708000,결제 확인,정기 주문
REC-002316,2025-06-05,제주,기획,고객 2316,기계식 키보드,입력 장치,13,149000,1937000,처리 중,정기 주문
REC-002317,2025-06-06,서울,운영,고객 2317,모니터 암,사무 용품,20,99000,1980000,배송 준비,정기 주문
REC-002318,2025-06-07,부산,기획,고객 2318,무선 마우스,입력 장치,7,59000,413000,배송 완료,정기 주문
REC-002319,2025-06-08,대전,운영,고객 2319,휴대용 SSD,저장 장치,14,179000,2506000,반품 검토,정기 주문
REC-002320,2025-06-09,인천,기획,고객 2320,헤드셋,음향 장치,1,129000,129000,결제 확인,정기 주문
REC-002321,2025-06-10,광주,운영,고객 2321,무선 키보드,입력 장치,8,89000,712000,처리 중,정기 주문
REC-002322,2025-06-11,대구,기획,고객 2322,27인치 모니터,디스플레이,15,329000,4935000,배송 준비,정기 주문
REC-002323,2025-06-12,울산,운영,고객 2323,USB-C 허브,주변 기기,2,49000,98000,배송 완료,정기 주문
REC-002324,2025-06-13,세종,기획,고객 2324,노트북 거치대,사무 용품,9,67000,603000,반품 검토,정기 주문
REC-002325,2025-06-14,경기,운영,고객 2325,웹캠,영상 장치,16,118000,1888000,결제 확인,세금계산서 발행
REC-002326,2025-06-15,강원,기획,고객 2326,기계식 키보드,입력 장치,3,149000,447000,처리 중,정기 주문
REC-002327,2025-06-16,충북,운영,고객 2327,모니터 암,사무 용품,10,99000,990000,배송 준비,정기 주문
REC-002328,2025-06-17,제주,기획,고객 2328,무선 마우스,입력 장치,17,59000,1003000,배송 완료,"우선 처리, 오전 출고"
REC-002329,2025-06-18,서울,운영,고객 2329,휴대용 SSD,저장 장치,4,179000,716000,반품 검토,정기 주문
REC-002330,2025-06-19,부산,기획,고객 2330,헤드셋,음향 장치,11,129000,1419000,결제 확인,정기 주문
REC-002331,2025-06-20,대전,운영,고객 2331,무선 키보드,입력 장치,18,89000,1602000,처리 중,정기 주문
REC-002332,2025-06-21,인천,기획,고객 2332,27인치 모니터,디스플레이,5,329000,1645000,배송 준비,정기 주문
REC-002333,2025-06-22,광주,운영,고객 2333,USB-C 허브,주변 기기,12,49000,588000,배송 완료,정기 주문
REC-002334,2025-06-23,대구,기획,고객 2334,노트북 거치대,사무 용품,19,67000,1273000,반품 검토,정기 주문
REC-002335,2025-06-24,울산,운영,고객 2335,웹캠,영상 장치,6,118000,708000,결제 확인,정기 주문
REC-002336,2025-06-25,세종,기획,고객 2336,기계식 키보드,입력 장치,13,149000,1937000,처리 중,정기 주문
REC-002337,2025-06-26,경기,운영,고객 2337,모니터 암,사무 용품,20,99000,1980000,배송 준비,정기 주문
REC-002338,2025-06-27,강원,기획,고객 2338,무선 마우스,입력 장치,7,59000,413000,배송 완료,정기 주문
REC-002339,2025-06-28,충북,운영,고객 2339,휴대용 SSD,저장 장치,14,179000,2506000,반품 검토,정기 주문
REC-002340,2025-06-29,제주,기획,고객 2340,헤드셋,음향 장치,1,129000,129000,결제 확인,정기 주문
REC-002341,2025-06-30,서울,운영,고객 2341,무선 키보드,입력 장치,8,89000,712000,처리 중,정기 주문
REC-002342,2025-07-01,부산,기획,고객 2342,27인치 모니터,디스플레이,15,329000,4935000,배송 준비,정기 주문
REC-002343,2025-07-02,대전,운영,고객 2343,USB-C 허브,주변 기기,2,49000,98000,배송 완료,정기 주문
REC-002344,2025-07-03,인천,기획,고객 2344,노트북 거치대,사무 용품,9,67000,603000,반품 검토,정기 주문
REC-002345,2025-07-04,광주,운영,고객 2345,웹캠,영상 장치,16,118000,1888000,결제 확인,정기 주문
REC-002346,2025-07-05,대구,기획,고객 2346,기계식 키보드,입력 장치,3,149000,447000,처리 중,정기 주문
REC-002347,2025-07-06,울산,운영,고객 2347,모니터 암,사무 용품,10,99000,990000,배송 준비,정기 주문
REC-002348,2025-07-07,세종,기획,고객 2348,무선 마우스,입력 장치,17,59000,1003000,배송 완료,정기 주문
REC-002349,2025-07-08,경기,운영,고객 2349,휴대용 SSD,저장 장치,4,179000,716000,반품 검토,정기 주문
REC-002350,2025-07-09,강원,기획,고객 2350,헤드셋,음향 장치,11,129000,1419000,결제 확인,정기 주문
REC-002351,2025-07-10,충북,운영,고객 2351,무선 키보드,입력 장치,18,89000,1602000,처리 중,정기 주문
REC-002352,2025-07-11,제주,기획,고객 2352,27인치 모니터,디스플레이,5,329000,1645000,배송 준비,정기 주문
REC-002353,2025-07-12,서울,운영,고객 2353,USB-C 허브,주변 기기,12,49000,588000,배송 완료,정기 주문
REC-002354,2025-07-13,부산,기획,고객 2354,노트북 거치대,사무 용품,19,67000,1273000,반품 검토,정기 주문
REC-002355,2025-07-14,대전,운영,고객 2355,웹캠,영상 장치,6,118000,708000,결제 확인,정기 주문
REC-002356,2025-07-15,인천,기획,고객 2356,기계식 키보드,입력 장치,13,149000,1937000,처리 중,세금계산서 발행
REC-002357,2025-07-16,광주,운영,고객 2357,모니터 암,사무 용품,20,99000,1980000,배송 준비,정기 주문
REC-002358,2025-07-17,대구,기획,고객 2358,무선 마우스,입력 장치,7,59000,413000,배송 완료,정기 주문
REC-002359,2025-07-18,울산,운영,고객 2359,휴대용 SSD,저장 장치,14,179000,2506000,반품 검토,정기 주문
REC-002360,2025-07-19,세종,기획,고객 2360,헤드셋,음향 장치,1,129000,129000,결제 확인,정기 주문
REC-002361,2025-07-20,경기,운영,고객 2361,무선 키보드,입력 장치,8,89000,712000,처리 중,정기 주문
REC-002362,2025-07-21,강원,기획,고객 2362,27인치 모니터,디스플레이,15,329000,4935000,배송 준비,정기 주문
REC-002363,2025-07-22,충북,운영,고객 2363,USB-C 허브,주변 기기,2,49000,98000,배송 완료,정기 주문
REC-002364,2025-07-23,제주,기획,고객 2364,노트북 거치대,사무 용품,9,67000,603000,반품 검토,정기 주문
REC-002365,2025-07-24,서울,운영,고객 2365,웹캠,영상 장치,16,118000,1888000,결제 확인,정기 주문
REC-002366,2025-07-25,부산,기획,고객 2366,기계식 키보드,입력 장치,3,149000,447000,처리 중,정기 주문
REC-002367,2025-07-26,대전,운영,고객 2367,모니터 암,사무 용품,10,99000,990000,배송 준비,정기 주문
REC-002368,2025-07-27,인천,기획,고객 2368,무선 마우스,입력 장치,17,59000,1003000,배송 완료,정기 주문
REC-002369,2025-07-28,광주,운영,고객 2369,휴대용 SSD,저장 장치,4,179000,716000,반품 검토,정기 주문
REC-002370,2025-07-29,대구,기획,고객 2370,헤드셋,음향 장치,11,129000,1419000,결제 확인,정기 주문
REC-002371,2025-07-30,울산,운영,고객 2371,무선 키보드,입력 장치,18,89000,1602000,처리 중,정기 주문
REC-002372,2025-07-31,세종,기획,고객 2372,27인치 모니터,디스플레이,5,329000,1645000,배송 준비,정기 주문
REC-002373,2025-08-01,경기,운영,고객 2373,USB-C 허브,주변 기기,12,49000,588000,배송 완료,정기 주문
REC-002374,2025-08-02,강원,기획,고객 2374,노트북 거치대,사무 용품,19,67000,1273000,반품 검토,정기 주문
REC-002375,2025-08-03,충북,운영,고객 2375,웹캠,영상 장치,6,118000,708000,결제 확인,정기 주문
REC-002376,2025-08-04,제주,기획,고객 2376,기계식 키보드,입력 장치,13,149000,1937000,처리 중,정기 주문
REC-002377,2025-08-05,서울,운영,고객 2377,모니터 암,사무 용품,20,99000,1980000,배송 준비,정기 주문
REC-002378,2025-08-06,부산,기획,고객 2378,무선 마우스,입력 장치,7,59000,413000,배송 완료,정기 주문
REC-002379,2025-08-07,대전,운영,고객 2379,휴대용 SSD,저장 장치,14,179000,2506000,반품 검토,정기 주문
REC-002380,2025-08-08,인천,기획,고객 2380,헤드셋,음향 장치,1,129000,129000,결제 확인,정기 주문
REC-002381,2025-08-09,광주,운영,고객 2381,무선 키보드,입력 장치,8,89000,712000,처리 중,정기 주문
REC-002382,2025-08-10,대구,기획,고객 2382,27인치 모니터,디스플레이,15,329000,4935000,배송 준비,정기 주문
REC-002383,2025-08-11,울산,운영,고객 2383,USB-C 허브,주변 기기,2,49000,98000,배송 완료,정기 주문
REC-002384,2025-08-12,세종,기획,고객 2384,노트북 거치대,사무 용품,9,67000,603000,반품 검토,정기 주문
REC-002385,2025-08-13,경기,운영,고객 2385,웹캠,영상 장치,16,118000,1888000,결제 확인,정기 주문
REC-002386,2025-08-14,강원,기획,고객 2386,기계식 키보드,입력 장치,3,149000,447000,처리 중,정기 주문
REC-002387,2025-08-15,충북,운영,고객 2387,모니터 암,사무 용품,10,99000,990000,배송 준비,세금계산서 발행
REC-002388,2025-08-16,제주,기획,고객 2388,무선 마우스,입력 장치,17,59000,1003000,배송 완료,정기 주문
REC-002389,2025-08-17,서울,운영,고객 2389,휴대용 SSD,저장 장치,4,179000,716000,반품 검토,정기 주문
REC-002390,2025-08-18,부산,기획,고객 2390,헤드셋,음향 장치,11,129000,1419000,결제 확인,정기 주문
REC-002391,2025-08-19,대전,운영,고객 2391,무선 키보드,입력 장치,18,89000,1602000,처리 중,정기 주문
REC-002392,2025-08-20,인천,기획,고객 2392,27인치 모니터,디스플레이,5,329000,1645000,배송 준비,정기 주문
REC-002393,2025-08-21,광주,운영,고객 2393,USB-C 허브,주변 기기,12,49000,588000,배송 완료,정기 주문
REC-002394,2025-08-22,대구,기획,고객 2394,노트북 거치대,사무 용품,19,67000,1273000,반품 검토,정기 주문
REC-002395,2025-08-23,울산,운영,고객 2395,웹캠,영상 장치,6,118000,708000,결제 확인,정기 주문
REC-002396,2025-08-24,세종,기획,고객 2396,기계식 키보드,입력 장치,13,149000,1937000,처리 중,정기 주문
REC-002397,2025-08-25,경기,운영,고객 2397,모니터 암,사무 용품,20,99000,1980000,배송 준비,정기 주문
REC-002398,2025-08-26,강원,기획,고객 2398,무선 마우스,입력 장치,7,59000,413000,배송 완료,정기 주문
REC-002399,2025-08-27,충북,운영,고객 2399,휴대용 SSD,저장 장치,14,179000,2506000,반품 검토,정기 주문
REC-002400,2025-08-28,제주,기획,고객 2400,헤드셋,음향 장치,1,129000,129000,결제 확인,정기 주문
REC-002401,2025-08-29,서울,운영,고객 2401,무선 키보드,입력 장치,8,89000,712000,처리 중,정기 주문
REC-002402,2025-08-30,부산,기획,고객 2402,27인치 모니터,디스플레이,15,329000,4935000,배송 준비,정기 주문
REC-002403,2025-08-31,대전,운영,고객 2403,USB-C 허브,주변 기기,2,49000,98000,배송 완료,정기 주문
REC-002404,2025-09-01,인천,기획,고객 2404,노트북 거치대,사무 용품,9,67000,603000,반품 검토,정기 주문
REC-002405,2025-09-02,광주,운영,고객 2405,웹캠,영상 장치,16,118000,1888000,결제 확인,정기 주문
REC-002406,2025-09-03,대구,기획,고객 2406,기계식 키보드,입력 장치,3,149000,447000,처리 중,정기 주문
REC-002407,2025-09-04,울산,운영,고객 2407,모니터 암,사무 용품,10,99000,990000,배송 준비,정기 주문
REC-002408,2025-09-05,세종,기획,고객 2408,무선 마우스,입력 장치,17,59000,1003000,배송 완료,정기 주문
REC-002409,2025-09-06,경기,운영,고객 2409,휴대용 SSD,저장 장치,4,179000,716000,반품 검토,정기 주문
REC-002410,2025-09-07,강원,기획,고객 2410,헤드셋,음향 장치,11,129000,1419000,결제 확인,정기 주문
REC-002411,2025-09-08,충북,운영,고객 2411,무선 키보드,입력 장치,18,89000,1602000,처리 중,정기 주문
REC-002412,2025-09-09,제주,기획,고객 2412,27인치 모니터,디스플레이,5,329000,1645000,배송 준비,정기 주문
REC-002413,2025-09-10,서울,운영,고객 2413,USB-C 허브,주변 기기,12,49000,588000,배송 완료,정기 주문
REC-002414,2025-09-11,부산,기획,고객 2414,노트북 거치대,사무 용품,19,67000,1273000,반품 검토,정기 주문
REC-002415,2025-09-12,대전,운영,고객 2415,웹캠,영상 장치,6,118000,708000,결제 확인,정기 주문
REC-002416,2025-09-13,인천,기획,고객 2416,기계식 키보드,입력 장치,13,149000,1937000,처리 중,정기 주문
REC-002417,2025-09-14,광주,운영,고객 2417,모니터 암,사무 용품,20,99000,1980000,배송 준비,정기 주문
REC-002418,2025-09-15,대구,기획,고객 2418,무선 마우스,입력 장치,7,59000,413000,배송 완료,세금계산서 발행
REC-002419,2025-09-16,울산,운영,고객 2419,휴대용 SSD,저장 장치,14,179000,2506000,반품 검토,정기 주문
REC-002420,2025-09-17,세종,기획,고객 2420,헤드셋,음향 장치,1,129000,129000,결제 확인,정기 주문
REC-002421,2025-09-18,경기,운영,고객 2421,무선 키보드,입력 장치,8,89000,712000,처리 중,정기 주문
REC-002422,2025-09-19,강원,기획,고객 2422,27인치 모니터,디스플레이,15,329000,4935000,배송 준비,정기 주문
REC-002423,2025-09-20,충북,운영,고객 2423,USB-C 허브,주변 기기,2,49000,98000,배송 완료,정기 주문
REC-002424,2025-09-21,제주,기획,고객 2424,노트북 거치대,사무 용품,9,67000,603000,반품 검토,정기 주문
REC-002425,2025-09-22,서울,운영,고객 2425,웹캠,영상 장치,16,118000,1888000,결제 확인,"우선 처리, 오전 출고"
REC-002426,2025-09-23,부산,기획,고객 2426,기계식 키보드,입력 장치,3,149000,447000,처리 중,정기 주문
REC-002427,2025-09-24,대전,운영,고객 2427,모니터 암,사무 용품,10,99000,990000,배송 준비,정기 주문
REC-002428,2025-09-25,인천,기획,고객 2428,무선 마우스,입력 장치,17,59000,1003000,배송 완료,정기 주문
REC-002429,2025-09-26,광주,운영,고객 2429,휴대용 SSD,저장 장치,4,179000,716000,반품 검토,정기 주문
REC-002430,2025-09-27,대구,기획,고객 2430,헤드셋,음향 장치,11,129000,1419000,결제 확인,정기 주문
REC-002431,2025-09-28,울산,운영,고객 2431,무선 키보드,입력 장치,18,89000,1602000,처리 중,정기 주문
REC-002432,2025-09-29,세종,기획,고객 2432,27인치 모니터,디스플레이,5,329000,1645000,배송 준비,정기 주문
REC-002433,2025-09-30,경기,운영,고객 2433,USB-C 허브,주변 기기,12,49000,588000,배송 완료,정기 주문
REC-002434,2025-10-01,강원,기획,고객 2434,노트북 거치대,사무 용품,19,67000,1273000,반품 검토,정기 주문
REC-002435,2025-10-02,충북,운영,고객 2435,웹캠,영상 장치,6,118000,708000,결제 확인,정기 주문
REC-002436,2025-10-03,제주,기획,고객 2436,기계식 키보드,입력 장치,13,149000,1937000,처리 중,정기 주문
REC-002437,2025-10-04,서울,운영,고객 2437,모니터 암,사무 용품,20,99000,1980000,배송 준비,정기 주문
REC-002438,2025-10-05,부산,기획,고객 2438,무선 마우스,입력 장치,7,59000,413000,배송 완료,정기 주문
REC-002439,2025-10-06,대전,운영,고객 2439,휴대용 SSD,저장 장치,14,179000,2506000,반품 검토,정기 주문
REC-002440,2025-10-07,인천,기획,고객 2440,헤드셋,음향 장치,1,129000,129000,결제 확인,정기 주문
REC-002441,2025-10-08,광주,운영,고객 2441,무선 키보드,입력 장치,8,89000,712000,처리 중,정기 주문
REC-002442,2025-10-09,대구,기획,고객 2442,27인치 모니터,디스플레이,15,329000,4935000,배송 준비,정기 주문
REC-002443,2025-10-10,울산,운영,고객 2443,USB-C 허브,주변 기기,2,49000,98000,배송 완료,정기 주문
REC-002444,2025-10-11,세종,기획,고객 2444,노트북 거치대,사무 용품,9,67000,603000,반품 검토,정기 주문
REC-002445,2025-10-12,경기,운영,고객 2445,웹캠,영상 장치,16,118000,1888000,결제 확인,정기 주문
REC-002446,2025-10-13,강원,기획,고객 2446,기계식 키보드,입력 장치,3,149000,447000,처리 중,정기 주문
REC-002447,2025-10-14,충북,운영,고객 2447,모니터 암,사무 용품,10,99000,990000,배송 준비,정기 주문
REC-002448,2025-10-15,제주,기획,고객 2448,무선 마우스,입력 장치,17,59000,1003000,배송 완료,정기 주문
REC-002449,2025-10-16,서울,운영,고객 2449,휴대용 SSD,저장 장치,4,179000,716000,반품 검토,세금계산서 발행
REC-002450,2025-10-17,부산,기획,고객 2450,헤드셋,음향 장치,11,129000,1419000,결제 확인,정기 주문
REC-002451,2025-10-18,대전,운영,고객 2451,무선 키보드,입력 장치,18,89000,1602000,처리 중,정기 주문
REC-002452,2025-10-19,인천,기획,고객 2452,27인치 모니터,디스플레이,5,329000,1645000,배송 준비,정기 주문
REC-002453,2025-10-20,광주,운영,고객 2453,USB-C 허브,주변 기기,12,49000,588000,배송 완료,정기 주문
REC-002454,2025-10-21,대구,기획,고객 2454,노트북 거치대,사무 용품,19,67000,1273000,반품 검토,정기 주문
REC-002455,2025-10-22,울산,운영,고객 2455,웹캠,영상 장치,6,118000,708000,결제 확인,정기 주문
REC-002456,2025-10-23,세종,기획,고객 2456,기계식 키보드,입력 장치,13,149000,1937000,처리 중,정기 주문
REC-002457,2025-10-24,경기,운영,고객 2457,모니터 암,사무 용품,20,99000,1980000,배송 준비,정기 주문
REC-002458,2025-10-25,강원,기획,고객 2458,무선 마우스,입력 장치,7,59000,413000,배송 완료,정기 주문
REC-002459,2025-10-26,충북,운영,고객 2459,휴대용 SSD,저장 장치,14,179000,2506000,반품 검토,정기 주문
REC-002460,2025-10-27,제주,기획,고객 2460,헤드셋,음향 장치,1,129000,129000,결제 확인,정기 주문
REC-002461,2025-10-28,서울,운영,고객 2461,무선 키보드,입력 장치,8,89000,712000,처리 중,정기 주문
REC-002462,2025-10-29,부산,기획,고객 2462,27인치 모니터,디스플레이,15,329000,4935000,배송 준비,정기 주문
REC-002463,2025-10-30,대전,운영,고객 2463,USB-C 허브,주변 기기,2,49000,98000,배송 완료,정기 주문
REC-002464,2025-10-31,인천,기획,고객 2464,노트북 거치대,사무 용품,9,67000,603000,반품 검토,정기 주문
REC-002465,2025-11-01,광주,운영,고객 2465,웹캠,영상 장치,16,118000,1888000,결제 확인,정기 주문
REC-002466,2025-11-02,대구,기획,고객 2466,기계식 키보드,입력 장치,3,149000,447000,처리 중,정기 주문
REC-002467,2025-11-03,울산,운영,고객 2467,모니터 암,사무 용품,10,99000,990000,배송 준비,정기 주문
REC-002468,2025-11-04,세종,기획,고객 2468,무선 마우스,입력 장치,17,59000,1003000,배송 완료,정기 주문
REC-002469,2025-11-05,경기,운영,고객 2469,휴대용 SSD,저장 장치,4,179000,716000,반품 검토,정기 주문
REC-002470,2025-11-06,강원,기획,고객 2470,헤드셋,음향 장치,11,129000,1419000,결제 확인,정기 주문
REC-002471,2025-11-07,충북,운영,고객 2471,무선 키보드,입력 장치,18,89000,1602000,처리 중,정기 주문
REC-002472,2025-11-08,제주,기획,고객 2472,27인치 모니터,디스플레이,5,329000,1645000,배송 준비,정기 주문
REC-002473,2025-11-09,서울,운영,고객 2473,USB-C 허브,주변 기기,12,49000,588000,배송 완료,정기 주문
REC-002474,2025-11-10,부산,기획,고객 2474,노트북 거치대,사무 용품,19,67000,1273000,반품 검토,정기 주문
REC-002475,2025-11-11,대전,운영,고객 2475,웹캠,영상 장치,6,118000,708000,결제 확인,정기 주문
REC-002476,2025-11-12,인천,기획,고객 2476,기계식 키보드,입력 장치,13,149000,1937000,처리 중,정기 주문
REC-002477,2025-11-13,광주,운영,고객 2477,모니터 암,사무 용품,20,99000,1980000,배송 준비,정기 주문
REC-002478,2025-11-14,대구,기획,고객 2478,무선 마우스,입력 장치,7,59000,413000,배송 완료,정기 주문
REC-002479,2025-11-15,울산,운영,고객 2479,휴대용 SSD,저장 장치,14,179000,2506000,반품 검토,정기 주문
REC-002480,2025-11-16,세종,기획,고객 2480,헤드셋,음향 장치,1,129000,129000,결제 확인,세금계산서 발행
REC-002481,2025-11-17,경기,운영,고객 2481,무선 키보드,입력 장치,8,89000,712000,처리 중,정기 주문
REC-002482,2025-11-18,강원,기획,고객 2482,27인치 모니터,디스플레이,15,329000,4935000,배송 준비,정기 주문
REC-002483,2025-11-19,충북,운영,고객 2483,USB-C 허브,주변 기기,2,49000,98000,배송 완료,정기 주문
REC-002484,2025-11-20,제주,기획,고객 2484,노트북 거치대,사무 용품,9,67000,603000,반품 검토,정기 주문
REC-002485,2025-11-21,서울,운영,고객 2485,웹캠,영상 장치,16,118000,1888000,결제 확인,정기 주문
REC-002486,2025-11-22,부산,기획,고객 2486,기계식 키보드,입력 장치,3,149000,447000,처리 중,정기 주문
REC-002487,2025-11-23,대전,운영,고객 2487,모니터 암,사무 용품,10,99000,990000,배송 준비,정기 주문
REC-002488,2025-11-24,인천,기획,고객 2488,무선 마우스,입력 장치,17,59000,1003000,배송 완료,정기 주문
REC-002489,2025-11-25,광주,운영,고객 2489,휴대용 SSD,저장 장치,4,179000,716000,반품 검토,정기 주문
REC-002490,2025-11-26,대구,기획,고객 2490,헤드셋,음향 장치,11,129000,1419000,결제 확인,정기 주문
REC-002491,2025-11-27,울산,운영,고객 2491,무선 키보드,입력 장치,18,89000,1602000,처리 중,정기 주문
REC-002492,2025-11-28,세종,기획,고객 2492,27인치 모니터,디스플레이,5,329000,1645000,배송 준비,정기 주문
REC-002493,2025-11-29,경기,운영,고객 2493,USB-C 허브,주변 기기,12,49000,588000,배송 완료,정기 주문
REC-002494,2025-11-30,강원,기획,고객 2494,노트북 거치대,사무 용품,19,67000,1273000,반품 검토,정기 주문
REC-002495,2025-12-01,충북,운영,고객 2495,웹캠,영상 장치,6,118000,708000,결제 확인,정기 주문
REC-002496,2025-12-02,제주,기획,고객 2496,기계식 키보드,입력 장치,13,149000,1937000,처리 중,정기 주문
REC-002497,2025-12-03,서울,운영,고객 2497,모니터 암,사무 용품,20,99000,1980000,배송 준비,정기 주문
REC-002498,2025-12-04,부산,기획,고객 2498,무선 마우스,입력 장치,7,59000,413000,배송 완료,정기 주문
REC-002499,2025-12-05,대전,운영,고객 2499,휴대용 SSD,저장 장치,14,179000,2506000,반품 검토,정기 주문
REC-002500,2025-12-06,인천,기획,고객 2500,헤드셋,음향 장치,1,129000,129000,결제 확인,"분기 마감 주문, 담당자 ""재확인"" 필요"
